Symbol,Category,CategoryName,Name,Price,RiseFall,Change,ChangeRate,NAV,EarningRate,Volume,Amount,MarCap,Brand,인버스,레버리지,헤지
459580,6,채권,KODEX CD금리액티브(합성),1056985,2,95,0.01,1057017.0,0.8251,36376,38448,93049,KODEX,False,False,False
357870,6,채권,TIGER CD금리투자KIS(합성),55400,2,5,0.01,55395.0,0.8098,18863,1044,69345,TIGER,False,False,False
360750,4,해외주식,TIGER 미국S&P500,21625,5,-50,-0.23,21588.0,17.0672,366127,7914,62799,TIGER,False,False,False
69500,1,국내 시장지수,KODEX 200,32960,5,-10,-0.03,33031.0,-3.8692,594313,19562,56114,KODEX,False,False,False
423160,6,채권,KODEX KOFR금리액티브(합성),108935,2,25,0.02,108902.0,0.8005,6236,679,44412,KODEX,False,False,False
133690,4,해외주식,TIGER 미국나스닥100,138585,2,135,0.1,137844.0,20.516,23790,3294,43848,TIGER,False,False,False
488770,7,기타,KODEX 머니마켓액티브,101395,2,25,0.02,101403.0,0.9158,8013,812,38919,KODEX,False,False,False
449170,6,채권,TIGER KOFR금리액티브(합성),107455,2,25,0.02,107422.0,0.84,11398,1224,34771,TIGER,False,False,False
381170,4,해외주식,TIGER 미국테크TOP10 INDXX,25160,5,-35,-0.14,25012.0,27.5373,94055,2363,30657,TIGER,False,False,False
379800,4,해외주식,KODEX 미국S&P500TR,19840,5,-35,-0.18,19806.0,17.1184,112891,2238,28649,KODEX,False,False,False
273130,6,채권,KODEX 종합채권(AA-이상)액티브,117060,2,35,0.03,117048.0,2.4557,982,114,28405,KODEX,False,False,False
381180,4,해외주식,TIGER 미국필라델피아반도체나스닥,19205,2,265,1.4,18835.0,8.863,178480,3423,27041,TIGER,False,False,False
122630,3,국내파생,KODEX 레버리지,14765,5,-35,-0.24,14836.0,-9.4248,1706497,25112,24635,KODEX,False,True,False
455890,6,채권,RISE 머니마켓액티브,53390,2,5,0.01,53392.0,0.8977,6020,321,22169,RISE,False,False,False
278530,1,국내 시장지수,KODEX 200TR,11560,5,-30,-0.26,11577.0,-3.4971,10374,119,22074,KODEX,False,False,False
102110,1,국내 시장지수,TIGER 200,33040,5,-135,-0.41,33088.0,-3.4544,103037,3400,18998,TIGER,False,False,False
458730,4,해외주식,TIGER 미국배당다우존스,12980,5,-5,-0.04,12954.0,11.1539,80066,1038,18724,TIGER,False,False,False
371460,4,해외주식,TIGER 차이나전기차SOLACTIVE,9505,5,-85,-0.89,9597.0,40.8223,88494,840,18215,TIGER,False,False,False
481050,6,채권,KODEX 1년은행양도성예금증서+액티브(합성),1023190,2,95,0.01,1023190.0,0.8044,166,169,18084,KODEX,False,False,False
233740,3,국내파생,KODEX 코스닥150레버리지,7020,2,25,0.36,7040.0,-14.1191,3938672,27452,17775,KODEX,False,True,False
453850,6,채권,ACE 미국30년국채액티브(H),8175,5,-70,-0.85,8159.0,-8.4906,117786,962,17732,ACE,False,False,True
310970,1,국내 시장지수,TIGER MSCI Korea TR,13880,5,-40,-0.29,13907.0,-4.8531,396,5,17336,TIGER,False,False,False
379810,4,해외주식,KODEX 미국나스닥100TR,20795,2,30,0.14,20682.0,20.6215,203360,4224,16511,KODEX,False,False,False
214980,6,채권,KODEX 단기채권PLUS,112895,2,15,0.01,112899.0,0.8757,370,41,16393,KODEX,False,False,False
360200,4,해외주식,ACE 미국S&P500,21860,5,-45,-0.21,21825.0,17.0451,56893,1242,15849,ACE,False,False,False
385540,6,채권,RISE 종합채권(A-이상)액티브,108675,5,-80,-0.07,108615.0,2.6038,22,2,13659,RISE,False,False,False
453540,6,채권,TIGER 25-10 회사채(A+이상)액티브,54030,5,-5,-0.01,54037.0,0.9905,3605,194,12907,TIGER,False,False,False
367380,4,해외주식,ACE 미국나스닥100,23815,2,20,0.08,23687.0,20.6459,31965,760,12408,ACE,False,False,False
229200,1,국내 시장지수,KODEX 코스닥150,11555,5,-25,-0.22,11553.0,-4.9652,1034472,11920,11919,KODEX,False,False,False
148020,1,국내 시장지수,RISE 200,33210,5,-75,-0.23,33259.0,-3.6112,50566,1677,11457,RISE,False,False,False
252670,3,국내파생,KODEX 200선물인버스2X,2440,5,-5,-0.2,2446.0,7.7092,17367455,42573,11419,KODEX,True,False,False
476550,6,채권,TIGER 미국30년국채커버드콜액티브(H),8845,5,-80,-0.9,8829.0,-7.3498,246529,2180,11131,TIGER,False,False,True
102780,2,국내 업종/테마,KODEX 삼성그룹,8290,2,15,0.18,8304.0,-9.9075,12194,101,10852,KODEX,False,False,False
475630,7,기타,TIGER CD1년금리액티브(합성),1031280,2,85,0.01,1031280.0,0.8217,1327,1368,10645,TIGER,False,False,False
477080,6,채권,RISE CD금리액티브(합성),102580,2,20,0.02,102542.0,0.8158,250,25,10336,RISE,False,False,False
491080,6,채권,KODEX 25-12 은행채(AAA)액티브,101120,3,0,0.0,101129.0,0.9231,0,0,9560,KODEX,False,False,False
305540,2,국내 업종/테마,TIGER 2차전지테마,16505,5,-195,-1.17,16558.0,-17.1627,266095,4379,9499,TIGER,False,False,False
305720,2,국내 업종/테마,KODEX 2차전지산업,13510,5,-125,-0.92,13541.0,-18.5728,194376,2618,9416,KODEX,False,False,False
476810,6,채권,KODEX 25-11 은행채(AA-이상)PLUS액티브,10370,5,-10,-0.1,10377.0,1.071,10,0,9412,KODEX,False,False,False
458760,4,해외주식,TIGER 미국배당다우존스타겟커버드콜2호,10980,3,0,0.0,10972.0,9.7341,30337,333,8586,TIGER,False,False,False
436140,6,채권,SOL 종합채권(AA-이상)액티브,113450,5,-115,-0.1,113457.0,2.5417,5,0,8403,SOL,False,False,False
368590,4,해외주식,RISE 미국나스닥100,23070,2,25,0.11,22943.0,20.585,135988,3134,8236,RISE,False,False,False
157450,6,채권,TIGER 단기통안채,109065,3,0,0.0,109077.0,0.7621,183,19,8142,TIGER,False,False,False
494900,6,채권,TIGER 25-12 금융채(AA-이상),50310,3,0,0.0,50312.0,,0,0,8035,TIGER,False,False,False
315930,2,국내 업종/테마,KODEX Top5PlusTR,20930,5,-65,-0.31,21002.0,-2.5528,404,8,7870,KODEX,False,False,False
292150,2,국내 업종/테마,TIGER TOP10,10765,2,50,0.47,10779.0,-4.8064,3665,39,7864,TIGER,False,False,False
278540,1,국내 시장지수,KODEX MSCI Korea TR,11035,5,-20,-0.18,11065.0,-5.3511,55,0,7824,KODEX,False,False,False
446720,4,해외주식,SOL 미국배당다우존스,11915,2,10,0.08,11899.0,11.2928,39675,472,7590,SOL,False,False,False
453870,4,해외주식,TIGER 인도니프티50,13945,5,-55,-0.39,13993.0,4.3219,11744,163,7356,TIGER,False,False,False
356540,6,채권,ACE 종합채권(AA-이상)KIS액티브,107050,2,20,0.02,107001.0,2.3965,97,10,7188,ACE,False,False,False
294400,1,국내 시장지수,KOSEF 200TR,42070,5,-5,-0.01,42118.0,-3.7186,943,39,7068,KOSEF,False,False,False
457480,4,해외주식,ACE 테슬라밸류체인액티브,18535,5,-330,-1.75,18536.0,74.2725,219870,4071,6876,ACE,False,False,False
153130,6,채권,KODEX 단기채권,111830,2,5,0.0,111840.0,0.7704,7695,860,6873,KODEX,False,False,False
379780,4,해외주식,RISE 미국S&P500,18930,5,-35,-0.18,18898.0,17.1329,12809,242,6853,RISE,False,False,False
458250,6,채권,TIGER 미국30년국채스트립액티브(합성 H),42615,5,-465,-1.08,42609.0,-12.4747,25697,1093,6423,TIGER,False,False,False
451540,6,채권,TIGER 종합채권(AA-이상)액티브,56100,5,-45,-0.08,56063.0,2.6792,40,2,6363,TIGER,False,False,False
329750,6,채권,TIGER 미국달러단기채권액티브,13065,2,35,0.27,13061.0,8.0431,20883,272,6176,TIGER,False,False,False
314250,4,해외주식,KODEX 미국빅테크10(H),47740,2,275,0.58,47296.0,20.2102,61286,2923,6144,KODEX,False,False,True
371160,4,해외주식,TIGER 차이나항셍테크,7300,5,-105,-1.42,7354.0,41.7224,175728,1279,6114,TIGER,False,False,False
411060,5,원자재,ACE KRX금현물,17580,5,-255,-1.43,17532.0,15.4368,96899,1699,5872,ACE,False,False,False
329200,2,국내 업종/테마,TIGER 리츠부동산인프라,4155,5,-5,-0.12,4156.0,-9.8006,22044,91,5713,TIGER,False,False,False
152100,1,국내 시장지수,PLUS 200,33535,5,-190,-0.56,33581.0,-3.206,67267,2252,5634,PLUS,False,False,False
402970,4,해외주식,ACE 미국배당다우존스,13120,5,-10,-0.08,13115.0,11.2994,29091,381,5576,ACE,False,False,False
272580,6,채권,TIGER 단기채권액티브,54945,3,0,0.0,54952.0,0.8165,600,32,5565,TIGER,False,False,False
396500,2,국내 업종/테마,TIGER Fn반도체TOP10,9280,2,40,0.43,9296.0,-10.3783,40931,379,5540,TIGER,False,False,False
114800,3,국내파생,KODEX 인버스,4660,2,5,0.11,4660.0,4.6067,2759401,12881,5522,KODEX,True,False,False
486290,4,해외주식,TIGER 미국나스닥100타겟데일리커버드콜,10610,2,30,0.28,10562.0,19.6967,70170,743,5507,TIGER,False,False,False
456610,6,채권,TIGER 미국달러SOFR금리액티브(합성),58055,2,10,0.02,58121.0,8.2323,1285,74,5412,TIGER,False,False,False
390390,4,해외주식,KODEX 미국반도체MV,24190,2,185,0.77,23882.0,11.9688,73374,1774,5334,KODEX,False,False,False
139260,2,국내 업종/테마,TIGER 200 IT,27150,2,155,0.57,27194.0,-12.2229,185,5,5300,TIGER,False,False,False
453810,4,해외주식,KODEX 인도Nifty50,14245,5,-45,-0.31,14307.0,3.7386,7641,108,5292,KODEX,False,False,False
470260,6,채권,TIGER 24-12 금융채(AA-이상),52285,3,0,0.0,52282.0,0.8,350,18,5144,TIGER,False,False,False
465580,4,해외주식,ACE 미국빅테크TOP7 Plus,18400,5,-30,-0.16,18285.0,28.432,65080,1195,5042,ACE,False,False,False
439870,6,채권,KODEX 국고채30년액티브,123805,5,-35,-0.03,123367.0,6.8645,1632,201,4934,KODEX,False,False,False
462010,2,국내 업종/테마,TIGER 2차전지소재Fn,4590,5,-55,-1.18,4600.0,-17.2015,209819,959,4817,TIGER,False,False,False
91180,2,국내 업종/테마,KODEX 자동차,18040,5,-60,-0.33,18070.0,-0.6587,12733,229,4808,KODEX,False,False,False
196230,6,채권,RISE 단기통안채,113740,2,10,0.01,113752.0,0.753,190,21,4804,RISE,False,False,False
469830,6,채권,SOL 초단기채권액티브,52340,2,5,0.01,52347.0,0.9061,21847,1143,4717,SOL,False,False,False
114260,6,채권,KODEX 국고채3년,61780,5,-5,-0.01,61797.0,1.2868,562,34,4685,KODEX,False,False,False
91160,2,국내 업종/테마,KODEX 반도체,28710,5,-40,-0.14,28747.0,-10.492,55760,1600,4622,KODEX,False,False,False
477050,6,채권,PLUS 머니마켓액티브,51410,2,10,0.02,51406.0,0.8931,5003,257,4617,PLUS,False,False,False
161510,2,국내 업종/테마,PLUS 고배당주,15030,5,-175,-1.15,15035.0,3.2527,38147,575,4532,PLUS,False,False,False
481060,6,채권,KODEX 미국30년국채타겟커버드콜(합성 H),9530,5,-80,-0.83,9509.0,-7.1767,173909,1655,4508,KODEX,False,False,False
474220,4,해외주식,TIGER 미국테크TOP10타겟커버드콜,14460,2,5,0.03,14405.0,26.2555,69116,997,4432,TIGER,False,False,False
293180,1,국내 시장지수,HANARO 200,33055,5,-105,-0.32,33154.0,-3.6103,44,1,4314,HANARO,False,False,False
476450,6,채권,히어로즈 머니마켓액티브,51560,3,0,0.0,51564.0,0.8508,5856,301,4174,히어로즈,False,False,False
449180,4,해외주식,KODEX 미국S&P500(H),14110,5,-25,-0.18,14085.0,8.806,4781,67,4141,KODEX,False,False,True
466920,2,국내 업종/테마,SOL 조선TOP3플러스,13950,5,-230,-1.62,13957.0,21.5081,111057,1556,4122,SOL,False,False,False
148070,6,채권,KOSEF 국고채10년,119050,5,-70,-0.06,119056.0,2.0518,10421,1240,4048,KOSEF,False,False,False
251350,4,해외주식,KODEX 선진국MSCI World,31590,5,-85,-0.27,31548.0,15.6824,3435,108,3965,KODEX,False,False,False
446770,4,해외주식,ACE 글로벌반도체TOP4 Plus SOLACTIVE,25480,2,120,0.47,25215.0,9.8977,5453,138,3911,ACE,False,False,False
226490,1,국내 시장지수,KODEX 코스피,25410,5,-15,-0.06,25398.0,-2.8839,4936,124,3824,KODEX,False,False,False
105190,1,국내 시장지수,ACE 200,33410,5,-60,-0.18,33486.0,-3.7527,2669,88,3725,ACE,False,False,False
69660,1,국내 시장지수,KOSEF 200,32920,5,-160,-0.48,32960.0,-3.3992,6525,214,3687,KOSEF,False,False,False
455030,6,채권,KODEX 미국달러SOFR금리액티브(합성),12035,2,20,0.17,12036.0,8.0971,15636,187,3678,KODEX,False,False,False
441680,7,기타,TIGER 미국나스닥100커버드콜(합성),11245,2,5,0.04,11275.0,13.375,13923,156,3666,TIGER,False,False,False
472870,6,채권,RISE 미국30년국채엔화노출(합성 H),8880,5,-55,-0.62,8898.0,-9.5099,126673,1124,3636,RISE,False,False,False
385560,6,채권,RISE KIS국고채30년Enhanced,85380,5,-280,-0.33,85145.0,9.4836,4700,401,3612,RISE,False,False,False
479080,6,채권,1Q 머니마켓액티브,51435,2,10,0.02,51432.0,0.8926,174,8,3493,1Q,False,False,False
483280,4,해외주식,KODEX 미국AI테크TOP10타겟커버드콜,11715,2,65,0.56,11673.0,24.5856,46989,548,3409,KODEX,False,False,False
448290,4,해외주식,TIGER 미국S&P500TR(H),14600,5,-45,-0.31,14580.0,9.1281,5078,74,3395,TIGER,False,False,True
454780,6,채권,히어로즈 종합채권(AA-이상)액티브,111255,3,0,0.0,111241.0,2.5202,0,0,3392,히어로즈,False,False,False
302190,6,채권,TIGER 중장기국채,52775,5,-25,-0.05,52772.0,1.6264,447,23,3335,TIGER,False,False,False
91170,2,국내 업종/테마,KODEX 은행,8580,5,-40,-0.46,8583.0,6.1837,69318,594,3299,KODEX,False,False,False
449190,4,해외주식,KODEX 미국나스닥100(H),17085,3,0,0.0,16992.0,12.3569,21844,372,3289,KODEX,False,False,True
364980,2,국내 업종/테마,TIGER 2차전지TOP10,9165,5,-45,-0.49,9200.0,-17.2135,756796,6925,3217,TIGER,False,False,False
473290,6,채권,KODEX 26-12 회사채(AA-이상)액티브,10585,3,0,0.0,10581.0,1.2434,1837,19,3169,KODEX,False,False,False
491610,6,채권,1Q CD금리액티브(합성),100785,2,5,0.0,100775.0,,14,1,3162,1Q,False,False,False
304660,6,채권,KODEX 미국30년국채울트라선물(H),7840,5,-65,-0.82,7839.0,-8.2947,11460,89,3026,KODEX,False,False,True
484790,6,채권,KODEX 미국30년국채액티브(H),9535,5,-70,-0.73,9512.0,-7.8039,260118,2477,3000,KODEX,False,False,True
394660,4,해외주식,TIGER 글로벌자율주행&전기차SOLACTIVE,11440,2,10,0.09,11443.0,19.8113,12057,137,2988,TIGER,False,False,False
489250,4,해외주식,KODEX 미국배당다우존스,11095,5,-20,-0.18,11119.0,11.2278,48785,541,2973,KODEX,False,False,False
439860,6,채권,KODEX ESG종합채권(A-이상)액티브,113145,5,-10,-0.01,113125.0,1.3116,1,0,2919,KODEX,False,False,False
447770,7,기타,TIGER 테슬라채권혼합Fn,14445,5,-140,-0.96,14438.0,26.0043,48386,699,2802,TIGER,False,False,False
456600,4,해외주식,TIMEFOLIO 글로벌AI인공지능액티브,25800,5,-40,-0.15,25613.0,35.3233,8778,225,2786,TIMEFOLIO,False,False,False
451000,6,채권,PLUS 종합채권(AA-이상)액티브,114210,2,160,0.14,114179.0,2.48,1,0,2759,PLUS,False,False,False
467940,6,채권,KODEX 25-11 회사채(A+이상)액티브,10695,3,0,0.0,10699.0,0.8962,0,0,2735,KODEX,False,False,False
394670,4,해외주식,TIGER 글로벌리튬&2차전지SOLACTIVE(합성),7015,5,-50,-0.71,7102.0,27.1827,1792,12,2666,TIGER,False,False,False
143860,2,국내 업종/테마,TIGER 헬스케어,36350,2,335,0.93,36461.0,-4.3427,18468,666,2661,TIGER,False,False,False
241180,4,해외주식,TIGER 일본니케이225,22455,5,-155,-0.69,22415.0,9.4915,2884,64,2493,TIGER,False,False,False
463290,6,채권,1Q 단기금융채액티브,105805,3,0,0.0,105813.0,0.8627,0,0,2465,1Q,False,False,False
471230,6,채권,KODEX 국고채10년액티브,113135,5,-145,-0.13,113170.0,2.0448,10070,1139,2455,KODEX,False,False,False
480260,6,채권,TIGER 27-04회사채(A+이상)액티브,52070,5,-10,-0.02,52081.0,1.4413,217,11,2420,TIGER,False,False,False
487340,6,채권,ACE CD금리&초단기채권액티브,101715,2,10,0.01,101722.0,0.9178,1097,111,2415,ACE,False,False,False
200250,4,해외주식,KOSEF 인도Nifty50(합성),26135,5,-100,-0.38,26250.0,3.2264,9170,239,2352,KOSEF,False,False,False
423920,4,해외주식,TIGER 미국필라델피아반도체레버리지(합성),24765,2,535,2.21,24015.0,14.6873,23385,575,2311,TIGER,False,True,False
438330,6,채권,TIGER 투자등급회사채액티브,114710,5,-55,-0.05,114744.0,1.7014,1,0,2305,TIGER,False,False,False
488500,4,해외주식,TIGER 미국S&P500동일가중,11105,5,-10,-0.09,11105.0,13.6968,16202,179,2304,TIGER,False,False,False
245710,4,해외주식,ACE 베트남VN30(합성),21335,5,-110,-0.51,21529.0,6.7712,1185,25,2304,ACE,False,False,False
487230,4,해외주식,KODEX 미국AI전력핵심인프라,12945,5,-125,-0.96,12920.0,38.7473,48771,630,2298,KODEX,False,False,False
479520,6,채권,RISE KOFR금리액티브(합성),102215,2,25,0.02,102185.0,0.8288,639,65,2295,RISE,False,False,False
475720,3,국내파생,RISE 200위클리커버드콜,8530,5,-25,-0.29,8536.0,-4.2101,21711,185,2295,RISE,False,False,False
449450,2,국내 업종/테마,PLUS K방산,17825,5,-235,-1.3,17772.0,3.8229,49440,886,2264,PLUS,False,False,False
448300,4,해외주식,TIGER 미국나스닥100TR(H),17575,3,0,0.0,17486.0,12.3362,2118,37,2258,TIGER,False,False,True
482730,4,해외주식,TIGER 미국S&P500타겟데일리커버드콜,11465,3,0,0.0,11438.0,16.8705,22511,257,2230,TIGER,False,False,False
466940,2,국내 업종/테마,TIGER 은행고배당플러스TOP10,14130,5,-125,-0.88,14148.0,7.0436,21935,310,2225,TIGER,False,False,False
251340,3,국내파생,KODEX 코스닥150선물인버스,4075,2,5,0.12,4090.0,4.6272,6973753,28529,2209,KODEX,True,False,False
452360,4,해외주식,SOL 미국배당다우존스(H),11565,5,-15,-0.13,11560.0,3.4945,16811,194,2197,SOL,False,False,True
475080,7,기타,KODEX 테슬라커버드콜채권혼합액티브,9985,5,-15,-0.15,9964.0,11.1234,20148,201,2192,KODEX,False,False,False
409820,4,해외주식,KODEX 미국나스닥100레버리지(합성 H),13010,3,0,0.0,12881.0,24.7363,11363,147,2160,KODEX,False,True,False
455850,2,국내 업종/테마,SOL AI반도체소부장,9550,2,20,0.21,9559.0,-13.7167,30682,291,2139,SOL,False,False,False
361580,1,국내 시장지수,RISE 200TR,18200,3,0,0.0,18224.0,-3.8055,695,12,2129,RISE,False,False,False
488980,6,채권,SOL 26-12 회사채(AA-이상)액티브,50650,3,0,0.0,50655.0,,0,0,2097,SOL,False,False,False
290130,2,국내 업종/테마,RISE ESG사회책임투자,12255,2,65,0.53,12285.0,-0.8944,1,0,2071,RISE,False,False,False
143850,4,해외주식,TIGER 미국S&P500선물(H),65700,5,-225,-0.34,65716.0,8.5274,498,32,2070,TIGER,False,False,True
388420,2,국내 업종/테마,RISE 비메모리반도체액티브,9110,2,30,0.33,9128.0,-9.7864,25239,229,2033,RISE,False,False,False
91230,2,국내 업종/테마,TIGER 반도체,29600,5,-40,-0.13,29645.0,-10.5613,5880,173,2031,TIGER,False,False,False
466950,4,해외주식,TIGER 글로벌AI액티브,18650,2,20,0.11,18424.0,33.7401,6153,114,2012,TIGER,False,False,False
426030,4,해외주식,TIMEFOLIO 미국나스닥100액티브,27550,5,-140,-0.51,27330.0,42.8424,26663,733,2006,TIMEFOLIO,False,False,False
462330,2,국내 업종/테마,KODEX 2차전지산업레버리지,1496,5,-31,-2.03,1510.0,-37.5461,817606,1216,2002,KODEX,False,True,False
473330,6,채권,SOL 미국30년국채커버드콜(합성),10080,5,-25,-0.25,10056.0,1.0095,19138,192,2001,SOL,False,False,False
496080,1,국내 시장지수,TIGER 코리아밸류업,9505,2,10,0.11,9523.0,,711498,6736,2001,TIGER,False,False,False
495850,1,국내 시장지수,KODEX 코리아밸류업,9465,5,-5,-0.05,9503.0,,24348,230,1988,KODEX,False,False,False
372330,4,해외주식,KODEX 차이나항셍테크,7210,5,-135,-1.84,7314.0,41.5221,33654,242,1983,KODEX,False,False,False
487240,2,국내 업종/테마,KODEX AI전력핵심설비,9200,2,100,1.1,9238.0,14.754,290158,2646,1978,KODEX,False,False,False
367770,2,국내 업종/테마,RISE 수소경제테마,8410,5,-35,-0.41,8440.0,-4.7915,4405,37,1968,RISE,False,False,False
365780,6,채권,ACE 국고채10년,93600,5,-160,-0.17,93623.0,2.1128,436,40,1926,ACE,False,False,False
472160,4,해외주식,TIGER 미국테크TOP10 INDXX(H),15445,5,-35,-0.23,15365.0,18.894,26300,406,1915,TIGER,False,False,True
228790,2,국내 업종/테마,TIGER 화장품,2680,3,0,0.0,2686.0,-11.8422,155194,415,1901,TIGER,False,False,False
329650,7,기타,KODEX TRF3070,13605,3,0,0.0,13598.0,6.0818,2889,39,1850,KODEX,False,False,False
438080,7,기타,ACE 미국S&P500채권혼합액티브,12945,2,15,0.12,12916.0,10.6073,24339,314,1812,ACE,False,False,False
476690,4,해외주식,TIGER 글로벌비만치료제TOP2Plus,10135,5,-135,-1.31,10202.0,-10.3292,2783,28,1809,TIGER,False,False,False
192090,4,해외주식,TIGER 차이나CSI300,10510,5,-35,-0.33,10546.0,33.481,3290,34,1802,TIGER,False,False,False
273140,6,채권,KODEX 단기변동금리부채권액티브,112700,5,-15,-0.01,112738.0,0.7418,28,3,1802,KODEX,False,False,False
456880,7,기타,ACE 미국달러SOFR금리(합성),11770,2,20,0.17,11765.0,8.1454,786,9,1798,ACE,False,False,False
132030,5,원자재,KODEX 골드선물(H),16340,5,-265,-1.6,16338.0,7.3021,9427,153,1797,KODEX,False,False,True
480020,4,해외주식,ACE 미국빅테크7+데일리타겟커버드콜(합성),12385,5,-65,-0.52,12371.0,24.5622,40664,503,1771,ACE,False,False,False
395270,2,국내 업종/테마,HANARO Fn K-반도체,9050,2,50,0.56,9064.0,-8.5366,30159,272,1765,HANARO,False,False,False
483230,6,채권,RISE 25-06 은행채(AA+이상)액티브,50915,3,0,0.0,50920.0,0.8118,0,0,1707,RISE,False,False,False
295040,1,국내 시장지수,SOL 200TR,12005,5,-65,-0.54,12037.0,-3.1689,24,0,1693,SOL,False,False,False
458210,7,기타,히어로즈 CD금리액티브(합성),105590,2,15,0.01,105557.0,0.7924,2,0,1684,히어로즈,False,False,False
464540,6,채권,RISE 25-03 회사채(AA-이상)액티브,51010,3,0,0.0,51013.0,0.8361,0,0,1680,RISE,False,False,False
272560,6,채권,RISE 단기국공채액티브,111435,5,-10,-0.01,111443.0,0.8825,33,3,1641,RISE,False,False,False
438570,6,채권,SOL 국고채10년,111685,5,-120,-0.11,111661.0,2.1563,11,1,1622,SOL,False,False,False
464930,4,해외주식,TIGER 글로벌혁신블루칩TOP10,16340,5,-10,-0.06,16257.0,20.7533,372,6,1609,TIGER,False,False,False
494890,1,국내 시장지수,KODEX 200액티브,9455,3,0,0.0,9498.0,,1,0,1607,KODEX,False,False,False
305080,6,채권,TIGER 미국채10년선물,12620,5,-5,-0.04,12618.0,3.3142,3338,42,1603,TIGER,False,False,False
479730,4,해외주식,TIGER 인도빌리언컨슈머,10520,5,-120,-1.13,10588.0,-4.2132,1262,13,1599,TIGER,False,False,False
458260,6,채권,TIGER 미국투자등급회사채액티브(H),49470,5,-295,-0.59,49439.0,-1.8249,21,1,1577,TIGER,False,False,True
448600,6,채권,RISE 25-11 회사채(AA-이상)액티브,52625,2,5,0.01,52618.0,0.9457,101,5,1565,RISE,False,False,False
451530,6,채권,TIGER 국고채30년스트립액티브,63000,5,-240,-0.38,62787.0,10.7239,5086,320,1564,TIGER,False,False,False
490490,7,기타,SOL 미국배당미국채혼합50,10545,2,5,0.05,10518.0,,87510,922,1561,SOL,False,False,False
182480,7,기타,TIGER 미국MSCI리츠(합성 H),13265,5,-15,-0.11,13376.0,-3.2846,778,10,1519,TIGER,False,False,False
448540,7,기타,ACE 엔비디아채권혼합블룸버그,22140,5,-40,-0.18,22106.0,8.6456,2439,54,1506,ACE,False,False,False
261260,7,기타,KODEX 미국달러선물인버스2X,5360,5,-15,-0.28,5367.0,-13.2365,60243,322,1502,KODEX,True,False,False
483320,4,해외주식,ACE 엔비디아밸류체인액티브,9925,2,95,0.97,9777.0,16.8152,38434,382,1499,ACE,False,False,False
363570,6,채권,KODEX 장기종합채권(AA-이상)액티브,101830,5,-250,-0.24,101953.0,3.9405,8,0,1497,KODEX,False,False,False
414780,4,해외주식,TIGER 차이나과창판STAR50(합성),8090,3,0,0.0,8196.0,61.477,1166,9,1489,TIGER,False,False,False
461270,6,채권,ACE 26-06 회사채(AA-이상)액티브,10870,5,-10,-0.09,10877.0,1.2093,3814,41,1488,ACE,False,False,False
480310,4,해외주식,TIGER 글로벌온디바이스AI,10905,2,80,0.74,10921.0,14.3083,31508,343,1483,TIGER,False,False,False
364960,2,국내 업종/테마,TIGER BBIG,6265,2,85,1.38,6281.0,0.4878,3936,24,1482,TIGER,False,False,False
219480,4,해외주식,KODEX 미국S&P500선물(H),27420,5,-85,-0.31,27420.0,8.8014,124,3,1467,KODEX,False,False,True
462540,6,채권,SOL 25-09 회사채(AA-이상)액티브,53410,3,0,0.0,53411.0,0.8496,0,0,1452,SOL,False,False,False
461490,7,기타,RISE 글로벌자산배분액티브,12970,5,-45,-0.35,12948.0,9.1862,32824,425,1440,RISE,False,False,False
435420,7,기타,TIGER 미국나스닥100TR채권혼합Fn,13095,5,-5,-0.04,13065.0,6.9387,5627,73,1434,TIGER,False,False,False
422420,2,국내 업종/테마,RISE 2차전지액티브,7015,5,-70,-0.99,7050.0,-15.6548,4837,33,1421,RISE,False,False,False
434060,7,기타,KODEX TDF2050액티브,14530,5,-40,-0.27,14511.0,11.4425,10563,153,1417,KODEX,False,False,False
244580,2,국내 업종/테마,KODEX 바이오,7900,2,40,0.51,7946.0,-6.4843,31640,248,1416,KODEX,False,False,False
328370,1,국내 시장지수,PLUS 코스피TR,13550,2,185,1.38,13447.0,-4.1249,1,0,1396,PLUS,False,False,False
277630,1,국내 시장지수,TIGER 코스피,25645,5,-95,-0.37,25702.0,-2.802,991,25,1385,TIGER,False,False,False
472170,7,기타,TIGER 미국테크TOP10채권혼합,13130,5,-20,-0.15,13085.0,11.6298,24356,319,1372,TIGER,False,False,False
481180,4,해외주식,SOL 미국AI소프트웨어,13705,5,-5,-0.04,13688.0,28.2507,97612,1337,1350,SOL,False,False,False
309230,4,해외주식,ACE 미국WideMoat동일가중,28370,5,-25,-0.09,28283.0,11.5936,1476,41,1339,ACE,False,False,False
497570,4,해외주식,TIGER 미국필라델피아AI반도체나스닥,10685,2,235,2.25,10383.0,,103567,1104,1325,TIGER,False,False,False
461950,2,국내 업종/테마,KODEX 2차전지핵심소재10,4710,5,-60,-1.26,4721.0,-17.4741,46090,216,1324,KODEX,False,False,False
476800,7,기타,KODEX 한국부동산리츠인프라,4630,2,10,0.22,4652.0,-10.0293,111028,514,1315,KODEX,False,False,False
455860,2,국내 업종/테마,SOL 2차전지소부장Fn,4360,5,-55,-1.25,4385.0,-18.3919,124549,541,1315,SOL,False,False,False
480030,4,해외주식,ACE 미국500데일리타겟커버드콜(합성),11135,5,-50,-0.45,11128.0,16.8512,22858,254,1314,ACE,False,False,False
490090,4,해외주식,TIGER 미국AI빅테크10,11925,2,5,0.04,11868.0,23.2678,21466,255,1300,TIGER,False,False,False
461260,6,채권,ACE 25-06 회사채(AA-이상)액티브,10725,2,5,0.05,10722.0,0.7992,97,1,1286,ACE,False,False,False
364970,2,국내 업종/테마,TIGER 바이오TOP10,7190,2,90,1.27,7204.0,-5.898,94741,676,1247,TIGER,False,False,False
433330,4,해외주식,SOL 미국S&P500,18070,5,-35,-0.19,18035.0,17.048,5679,102,1247,SOL,False,False,False
463050,2,국내 업종/테마,TIMEFOLIO K바이오액티브,11370,2,85,0.75,11399.0,-2.5054,119997,1348,1245,TIMEFOLIO,False,False,False
492500,7,기타,1Q 현대차그룹채권(A+이상)&국고통안,50355,5,-35,-0.07,50372.0,,4,0,1245,1Q,False,False,False
466400,6,채권,1Q 25-08 회사채(A+이상)액티브,106895,2,10,0.01,106898.0,0.8777,3,0,1226,1Q,False,False,False
326240,2,국내 업종/테마,RISE IT플러스,15000,5,-30,-0.2,15035.0,-5.3527,111,1,1221,RISE,False,False,False
282000,3,국내파생,RISE 국고채3년선물인버스,108965,2,15,0.01,108985.0,0.1977,1,0,1208,RISE,True,False,False
441640,4,해외주식,KODEX 미국배당커버드콜액티브,12135,5,-30,-0.25,12121.0,14.4833,22558,273,1207,KODEX,False,False,False
304940,4,해외주식,KODEX 미국나스닥100선물(H),25360,2,15,0.06,25226.0,11.9973,1106,28,1205,KODEX,False,False,True
475260,6,채권,ACE 2월만기자동연장회사채AA-이상액티브,10360,3,0,0.0,10368.0,0.7782,134,1,1202,ACE,False,False,False
461460,6,채권,PLUS 국고채10년액티브,55750,3,0,0.0,55746.0,1.8357,1,0,1192,PLUS,False,False,False
232080,1,국내 시장지수,TIGER 코스닥150,11800,2,15,0.13,11841.0,-6.1704,55620,653,1182,TIGER,False,False,False
481190,4,해외주식,SOL 미국테크TOP10,13575,5,-35,-0.26,13495.0,27.6136,12900,174,1181,SOL,False,False,False
168580,4,해외주식,ACE 중국본토CSI300,28740,5,-10,-0.03,28852.0,33.9077,15,0,1178,ACE,False,False,False
270810,1,국내 시장지수,RISE 코스닥150,11465,5,-15,-0.13,11457.0,-5.4756,576,6,1172,RISE,False,False,False
418660,4,해외주식,TIGER 미국나스닥100레버리지(합성),27205,2,85,0.31,26896.0,44.2553,4586,124,1170,TIGER,False,True,False
462900,2,국내 업종/테마,KoAct 바이오헬스케어액티브,12990,5,-15,-0.12,13022.0,-3.3804,9627,124,1169,KoAct,False,False,False
483290,4,해외주식,KODEX 미국배당다우존스타겟커버드콜,10725,2,10,0.09,10733.0,9.2141,8130,87,1158,KODEX,False,False,False
493810,4,해외주식,TIGER 미국AI빅테크10타겟데일리커버드콜,11175,3,0,0.0,11154.0,,37553,419,1157,TIGER,False,False,False
437080,6,채권,KODEX 미국종합채권ESG액티브(H),102015,5,-310,-0.3,102022.0,-1.7287,32,3,1145,KODEX,False,False,True
412770,4,해외주식,TIGER 글로벌메타버스액티브,11930,2,55,0.46,11922.0,27.9633,5135,61,1133,TIGER,False,False,False
275980,4,해외주식,TIGER 글로벌4차산업혁신기술(합성 H),17375,5,-85,-0.49,17495.0,6.4634,32,0,1133,TIGER,False,False,False
472920,6,채권,HK 종합채권(AA-이상)액티브,110025,3,0,0.0,110057.0,2.4632,0,0,1118,HK,False,False,False
190620,6,채권,ACE 단기통안채,103750,2,10,0.01,103751.0,0.7918,91,9,1113,ACE,False,False,False
245340,4,해외주식,TIGER 미국다우존스30,30890,5,-110,-0.35,30903.0,15.3745,977,30,1112,TIGER,False,False,False
476750,6,채권,ACE 미국30년국채엔화노출액티브(H),9560,5,-65,-0.68,9536.0,-9.2752,10575,100,1109,ACE,False,False,True
494300,4,해외주식,KODEX 미국나스닥100데일리커버드콜OTM,10870,2,5,0.05,10819.0,,15623,169,1109,KODEX,False,False,False
453010,7,기타,PLUS KOFR금리,106215,2,5,0.0,106219.0,0.8067,41,4,1107,PLUS,False,False,False
401470,2,국내 업종/테마,KODEX K-메타버스액티브,6810,2,135,2.02,6831.0,5.4502,11812,79,1086,KODEX,False,False,False
465780,6,채권,마이티 26-09 특수채(AAA)액티브,107505,3,0,0.0,107514.0,1.1668,0,0,1086,마이티,False,False,False
157490,2,국내 업종/테마,TIGER 소프트웨어,8435,2,85,1.02,8450.0,13.2203,2639,22,1076,TIGER,False,False,False
468820,6,채권,WON 25-09 회사채(AA-이상)액티브,53820,5,-10,-0.02,53824.0,1.0038,6,0,1059,WON,False,False,False
495710,6,채권,BNK 26-06 특수채(AAA이상)액티브,50070,3,0,0.0,50071.0,,0,0,1058,BNK,False,False,False
130730,6,채권,KOSEF 단기자금,104880,5,-5,0.0,104894.0,0.8073,106,11,1054,KOSEF,False,False,False
401170,2,국내 업종/테마,RISE 메타버스,5980,2,105,1.79,5994.0,5.8558,444,2,1050,RISE,False,False,False
489870,6,채권,히어로즈 25-09 회사채(AA-이상)액티브,50415,3,0,0.0,50434.0,,0,0,1049,히어로즈,False,False,False
325020,2,국내 업종/테마,KODEX 배당가치,13475,3,0,0.0,13489.0,-0.7513,162,2,1038,KODEX,False,False,False
486450,4,해외주식,SOL 미국AI전력인프라,13200,5,-120,-0.9,13220.0,41.7021,88681,1170,1036,SOL,False,False,False
204480,4,해외주식,TIGER 차이나CSI300레버리지(합성),19910,5,-250,-1.24,20407.0,74.1684,1352,26,1027,TIGER,False,True,False
302450,1,국내 시장지수,RISE 코스피,25620,5,-75,-0.29,25645.0,-2.9536,78,1,1012,RISE,False,False,False
451060,1,국내 시장지수,1Q K200액티브,10500,2,5,0.05,10516.0,-3.6272,32,0,1008,1Q,False,False,False
283580,4,해외주식,KODEX 차이나CSI300,13000,2,15,0.12,12973.0,34.0041,1800,23,1008,KODEX,False,False,False
228800,2,국내 업종/테마,TIGER 여행레저,3035,2,25,0.83,3045.0,-1.634,2156,6,1006,TIGER,False,False,False
465350,3,국내파생,RISE 2차전지TOP10인버스(합성),32575,2,225,0.7,32594.0,14.4322,25897,845,977,RISE,True,False,False
292560,7,기타,TIGER 일본엔선물,8880,5,-10,-0.11,8895.0,-0.1685,2142,19,977,TIGER,False,False,False
441800,1,국내 시장지수,TIMEFOLIO Korea플러스배당액티브,13145,5,-55,-0.42,13149.0,2.5163,6459,84,973,TIMEFOLIO,False,False,False
332940,1,국내 시장지수,HANARO MSCI Korea TR,13900,3,0,0.0,13877.0,-5.1842,0,0,959,HANARO,False,False,False
385550,6,채권,RISE 단기종합채권(AA-이상)액티브,110700,5,-5,0.0,110703.0,0.8793,3952,437,959,RISE,False,False,False
471990,2,국내 업종/테마,KODEX AI반도체핵심장비,8085,2,35,0.43,8093.0,-15.883,41718,336,958,KODEX,False,False,False
114820,6,채권,TIGER 국채3년,107540,5,-30,-0.03,107545.0,1.3558,57,6,954,TIGER,False,False,False
332930,1,국내 시장지수,HANARO 200TR,42235,3,0,0.0,42185.0,-3.3635,0,0,950,HANARO,False,False,False
429000,4,해외주식,TIGER 미국S&P500배당귀족,12770,3,0,0.0,12758.0,8.2386,3035,38,939,TIGER,False,False,False
473440,6,채권,ACE 11월만기자동연장회사채AA-이상액티브,10455,2,5,0.05,10454.0,0.82,70,0,938,ACE,False,False,False
400970,2,국내 업종/테마,TIGER Fn메타버스,6765,2,100,1.5,6786.0,6.9823,4791,32,937,TIGER,False,False,False
471760,2,국내 업종/테마,TIGER AI반도체핵심공정,7865,2,5,0.06,7878.0,-14.7968,40643,319,936,TIGER,False,False,False
445290,2,국내 업종/테마,KODEX K-로봇액티브,12095,2,25,0.21,12105.0,-3.44,861,10,925,KODEX,False,False,False
461500,6,채권,HANARO 종합채권(AA-이상)액티브,113680,3,0,0.0,113602.0,2.5252,0,0,921,HANARO,False,False,False
419890,6,채권,히어로즈 단기채권ESG액티브,109805,3,0,0.0,109806.0,1.0816,0,0,911,히어로즈,False,False,False
472150,2,국내 업종/테마,TIGER 배당커버드콜액티브,9925,2,10,0.1,9957.0,-1.8123,644,6,902,TIGER,False,False,False
465610,4,해외주식,ACE 미국빅테크TOP7 Plus레버리지(합성),29905,5,-135,-0.45,29551.0,61.1587,11345,338,897,ACE,False,True,False
486830,6,채권,HANARO 머니마켓액티브,50775,5,-5,-0.01,50783.0,0.894,7,0,883,HANARO,False,False,False
476070,4,해외주식,KODEX 글로벌비만치료제TOP2 Plus,11200,5,-115,-1.02,11281.0,-9.7976,11451,129,879,KODEX,False,False,False
228810,2,국내 업종/테마,TIGER 미디어컨텐츠,5440,2,125,2.35,5449.0,27.0011,17694,95,875,TIGER,False,False,False
480040,4,해외주식,ACE 미국반도체데일리타겟커버드콜(합성),10200,2,115,1.14,10083.0,6.7873,28474,288,867,ACE,False,False,False
438100,7,기타,ACE 미국나스닥100채권혼합액티브,13490,2,20,0.15,13474.0,11.599,9374,126,863,ACE,False,False,False
449770,4,해외주식,KOSEF 미국S&P500,17410,5,-40,-0.23,17383.0,17.374,47,0,853,KOSEF,False,False,False
491230,6,채권,PLUS 국공채머니마켓액티브,50520,3,0,0.0,50522.0,0.9088,85,4,850,PLUS,False,False,False
485540,4,해외주식,KODEX 미국AI테크TOP10,11605,5,-10,-0.09,11517.0,26.5112,28464,330,847,KODEX,False,False,False
144600,5,원자재,KODEX 은선물(H),5600,5,-275,-4.68,5596.0,12.1183,53210,297,834,KODEX,False,False,True
284430,6,채권,KODEX 200미국채혼합,12870,5,-40,-0.31,12840.0,0.506,3430,43,834,KODEX,False,False,False
452250,6,채권,ACE 미국30년국채선물레버리지(합성 H),6120,5,-90,-1.45,6121.0,-17.4751,21861,133,820,ACE,False,True,False
325010,2,국내 업종/테마,KODEX 성장주,13535,3,0,0.0,13577.0,-2.4856,3,0,812,KODEX,False,False,False
139230,2,국내 업종/테마,TIGER 200 중공업,5340,5,-10,-0.19,5346.0,13.951,9714,51,808,TIGER,False,False,False
498180,6,채권,파워 종합채권(AA-이상)액티브,101580,3,0,0.0,101488.0,,0,0,805,파워,False,False,False
475280,6,채권,ACE 8월만기자동연장회사채AA-이상액티브,10350,3,0,0.0,10351.0,0.9263,6,0,790,ACE,False,False,False
481430,6,채권,RISE 국고채10년액티브,106955,5,-95,-0.09,106957.0,2.0301,8021,857,770,RISE,False,False,False
412570,2,국내 업종/테마,TIGER 2차전지TOP10레버리지,1636,5,-14,-0.85,1652.0,-34.7827,262790,426,770,TIGER,False,True,False
150460,2,국내 업종/테마,TIGER 중국소비테마,5700,2,35,0.62,5830.0,-10.4348,28481,163,761,TIGER,False,False,False
136340,6,채권,RISE 중기우량회사채,106580,5,-50,-0.05,106600.0,1.2688,82,8,758,RISE,False,False,False
478150,4,해외주식,TIMEFOLIO 글로벌우주테크&방산액티브,13255,5,-140,-1.05,13265.0,23.5701,3772,50,756,TIMEFOLIO,False,False,False
267770,3,국내파생,TIGER 200선물레버리지,11270,2,40,0.36,11268.0,-9.98,57422,644,755,TIGER,False,True,False
266420,2,국내 업종/테마,KODEX 헬스케어,16405,2,190,1.17,16459.0,-4.4209,2331,37,755,KODEX,False,False,False
174360,4,해외주식,RISE 중국본토대형주CSI100,18920,5,-55,-0.29,19003.0,30.4123,176,3,738,RISE,False,False,False
463300,4,해외주식,RISE 중국본토CSI300,11100,2,50,0.45,11154.0,32.8125,42,0,733,RISE,False,False,False
476760,6,채권,ACE 미국30년국채액티브,10360,5,-80,-0.77,10347.0,-1.6672,6385,66,725,ACE,False,False,False
448330,1,국내 시장지수,KODEX 삼성전자채권혼합,10555,2,20,0.19,10570.0,-3.7285,10922,115,718,KODEX,False,False,False
252710,3,국내파생,TIGER 200선물인버스2X,2590,5,-15,-0.58,2590.0,8.316,101733,264,717,TIGER,True,False,False
464240,6,채권,히어로즈 26-09 회사채(AA-이상)액티브,52455,3,0,0.0,52471.0,1.2625,0,0,713,히어로즈,False,False,False
458750,4,해외주식,TIGER 미국배당다우존스타겟커버드콜1호,11985,3,0,0.0,11988.0,10.808,876,10,713,TIGER,False,False,False
225040,4,해외주식,TIGER 미국S&P500레버리지(합성 H),48640,5,-250,-0.51,48486.0,17.9351,1853,90,710,TIGER,False,True,False
261220,5,원자재,KODEX WTI원유선물(H),14475,5,-85,-0.58,14479.0,5.8909,10470,151,702,KODEX,False,False,True
414270,4,해외주식,ACE G2전기차&자율주행액티브,11825,5,-90,-0.76,11823.0,43.6407,4583,54,698,ACE,False,False,False
278240,3,국내파생,RISE 코스닥150선물레버리지,7875,5,-30,-0.38,7881.0,-13.3224,13076,102,689,RISE,False,True,False
236350,4,해외주식,TIGER 인도니프티50레버리지(합성),45620,5,-560,-1.21,46443.0,6.861,886,40,684,TIGER,False,True,False
195980,4,해외주식,PLUS 신흥국MSCI(합성 H),10010,5,-85,-0.84,10065.0,4.6113,734,7,679,PLUS,False,False,False
448880,6,채권,ACE 24-12 회사채(AA-이상)액티브,106430,5,-10,-0.01,106443.0,0.7859,23,2,675,ACE,False,False,False
139280,2,국내 업종/테마,TIGER 경기방어,9900,2,105,1.07,9926.0,-3.3071,1282,12,667,TIGER,False,False,False
310960,1,국내 시장지수,TIGER 200TR,18765,5,-45,-0.24,18821.0,-3.5385,227,4,657,TIGER,False,False,False
269540,4,해외주식,PLUS 미국S&P500(H),24605,5,-80,-0.32,24564.0,9.5407,580,14,640,PLUS,False,False,True
497880,6,채권,SOL CD금리&머니마켓액티브,50125,3,0,0.0,50125.0,,55491,2781,637,SOL,False,False,False
399110,4,해외주식,SOL 미국S&P500ESG,17110,5,-45,-0.26,17046.0,16.4867,2279,38,633,SOL,False,False,False
464310,4,해외주식,TIGER 글로벌AI&로보틱스 INDXX,13660,5,-50,-0.36,13626.0,18.8556,1910,25,628,TIGER,False,False,False
437070,6,채권,KODEX 아시아달러채권ESG플러스액티브,60550,3,0,0.0,60506.0,6.042,0,0,625,KODEX,False,False,False
438560,6,채권,SOL 국고채3년,107090,3,0,0.0,107031.0,1.5167,0,0,621,SOL,False,False,False
308620,6,채권,KODEX 미국10년국채선물,11900,5,-10,-0.08,11895.0,2.4956,1525,18,619,KODEX,False,False,False
278620,6,채권,PLUS 단기채권액티브,115475,3,0,0.0,115483.0,0.9661,58,6,618,PLUS,False,False,False
138540,2,국내 업종/테마,TIGER 현대차그룹+펀더멘털,26300,5,-75,-0.28,26318.0,1.2748,6474,170,615,TIGER,False,False,False
489570,6,채권,HANARO 25-12 은행채(AA+이상)액티브,10070,3,0,0.0,10072.0,,0,0,609,HANARO,False,False,False
261240,7,기타,KODEX 미국달러선물,14045,2,5,0.04,14050.0,8.208,2257,31,608,KODEX,False,False,False
411420,4,해외주식,KODEX 미국메타버스나스닥액티브,15550,3,0,0.0,15485.0,38.0381,986,15,606,KODEX,False,False,False
395290,2,국내 업종/테마,HANARO Fn K-POP&미디어,7140,2,165,2.37,7158.0,25.4496,6736,47,596,HANARO,False,False,False
266160,2,국내 업종/테마,RISE 고배당,13215,5,-65,-0.49,13234.0,-1.117,242,3,588,RISE,False,False,False
315960,2,국내 업종/테마,RISE 대형고배당10TR,18050,5,-40,-0.22,18039.0,-3.4943,39,0,587,RISE,False,False,False
204450,4,해외주식,KODEX 차이나H레버리지(H),2085,5,-60,-2.8,2118.0,42.8095,32123,66,580,KODEX,False,True,True
483330,4,해외주식,ACE 마이크로소프트밸류체인액티브,12665,5,-135,-1.05,12634.0,29.9492,3257,41,576,ACE,False,False,False
203780,4,해외주식,TIGER 미국나스닥바이오,23710,5,-245,-1.02,23606.0,1.2896,4426,104,574,TIGER,False,False,False
473460,4,해외주식,KODEX 미국서학개미,18745,5,-110,-0.58,18648.0,46.2194,140713,2636,572,KODEX,False,False,False
233160,3,국내파생,TIGER 코스닥150 레버리지,7830,5,-5,-0.06,7830.0,-13.9011,70424,547,572,TIGER,False,True,False
319640,4,해외주식,TIGER 골드선물(H),17405,5,-295,-1.67,17416.0,7.2727,2817,49,566,TIGER,False,False,True
453330,4,해외주식,RISE 미국S&P500(H),14845,5,-55,-0.37,14823.0,9.1015,4645,69,564,RISE,False,False,True
423170,4,해외주식,SOL 한국형글로벌반도체액티브,18460,2,240,1.32,18153.0,7.1134,729,13,557,SOL,False,False,False
329660,7,기타,KODEX TRF5050,16215,5,-10,-0.06,16185.0,8.4558,1992,32,551,KODEX,False,False,False
489030,2,국내 업종/테마,PLUS 고배당주위클리커버드콜,10020,5,-70,-0.69,9944.0,2.3845,37454,375,551,PLUS,False,False,False
442320,4,해외주식,RISE 글로벌원자력,20035,5,-145,-0.72,20226.0,33.9528,5298,106,551,RISE,False,False,False
455960,6,채권,RISE 미국달러SOFR금리액티브(합성),11695,2,5,0.04,11729.0,8.1906,20,0,544,RISE,False,False,False
487910,4,해외주식,ACE 인도컨슈머파워액티브,10685,5,-25,-0.23,10686.0,4.8458,1020,10,540,ACE,False,False,False
440640,6,채권,ACE 단기채권알파액티브,108770,2,10,0.01,108769.0,0.839,40,4,536,ACE,False,False,False
456680,4,해외주식,TIGER 차이나전기차레버리지(합성),6355,2,30,0.47,6455.0,81.4921,728,4,534,TIGER,False,True,False
494310,2,국내 업종/테마,KODEX 반도체레버리지,7470,2,20,0.27,7526.0,,38249,286,527,KODEX,False,True,False
454320,2,국내 업종/테마,HANARO CAPEX설비투자iSelect,13530,5,-60,-0.44,13610.0,1.6835,162,2,521,HANARO,False,False,False
461600,6,채권,SOL 미국30년국채액티브(H),9205,5,-60,-0.65,9199.0,-8.3128,561,5,520,SOL,False,False,True
483340,4,해외주식,ACE 구글밸류체인액티브,11270,5,-35,-0.31,11214.0,27.1653,58632,659,518,ACE,False,False,False
464920,4,해외주식,PLUS 일본반도체소부장,13115,5,-110,-0.83,13095.0,6.6532,56,0,518,PLUS,False,False,False
272910,6,채권,ACE 중장기국공채액티브,106825,5,-35,-0.03,106795.0,1.5876,1,0,500,ACE,False,False,False
469150,2,국내 업종/테마,ACE AI반도체포커스,12190,5,-10,-0.08,12193.0,-10.6555,937,11,500,ACE,False,False,False
484890,6,채권,SOL 머니마켓액티브,50880,2,10,0.02,50878.0,0.8325,5000,254,500,SOL,False,False,False
395170,2,국내 업종/테마,KODEX Top10동일가중,7335,5,-10,-0.14,7335.0,-4.4864,5,0,499,KODEX,False,False,False
152380,6,채권,KODEX 국채선물10년,70265,5,-100,-0.14,70302.0,1.9782,179,12,493,KODEX,False,False,False
329670,7,기타,KODEX TRF7030,18875,3,0,0.0,18866.0,10.5417,306,5,491,KODEX,False,False,False
447620,7,기타,SOL 미국TOP5채권혼합40 Solactive,13630,5,-45,-0.33,13622.0,10.1046,816,11,491,SOL,False,False,False
245360,4,해외주식,TIGER 차이나HSCEI,11540,5,-90,-0.77,11579.0,30.7476,116,1,490,TIGER,False,False,False
322400,2,국내 업종/테마,HANARO e커머스,9860,2,220,2.28,9898.0,4.6688,26,0,488,HANARO,False,False,False
407830,4,해외주식,에셋플러스 글로벌플랫폼액티브,13465,5,-65,-0.48,13474.0,47.3856,308,4,485,에셋플러스,False,False,False
280930,4,해외주식,KODEX 미국러셀2000(H),14230,5,-225,-1.56,14255.0,13.1064,1897,26,484,KODEX,False,False,True
477730,4,해외주식,KODEX 인도타타그룹,10785,5,-25,-0.23,10857.0,-0.4605,55,0,480,KODEX,False,False,False
491220,1,국내 시장지수,PLUS 200TR,38025,5,-120,-0.31,38143.0,-3.308,3,0,475,PLUS,False,False,False
251600,7,기타,PLUS 고배당주채권혼합,12500,5,-35,-0.28,12517.0,1.8112,3598,45,475,PLUS,False,False,False
261270,7,기타,KODEX 미국달러선물인버스,7910,5,-5,-0.06,7913.0,-6.5526,666,5,470,KODEX,True,False,False
403790,1,국내 시장지수,마이다스 코스피액티브,19545,5,-45,-0.23,19563.0,-2.2212,11,0,469,마이다스,False,False,False
465660,4,해외주식,TIGER 일본반도체FACTSET,11645,5,-35,-0.3,11667.0,1.9108,70,0,466,TIGER,False,False,False
484880,2,국내 업종/테마,SOL 금융지주플러스고배당,11100,5,-95,-0.85,11104.0,6.4365,24840,276,461,SOL,False,False,False
114100,6,채권,RISE 국고채3년,109775,5,-90,-0.08,109830.0,1.4066,1,0,459,RISE,False,False,False
434730,2,국내 업종/테마,HANARO 원자력iSelect,17310,5,-60,-0.35,17394.0,3.7634,9877,170,459,HANARO,False,False,False
494670,2,국내 업종/테마,TIGER 조선TOP10,11210,5,-185,-1.62,11216.0,,52803,595,443,TIGER,False,False,False
453080,4,해외주식,KOSEF 미국나스닥100(H),17705,5,-20,-0.11,17617.0,12.4682,3962,70,443,KOSEF,False,False,True
426150,6,채권,WON 대한민국국고채액티브,58470,5,-105,-0.18,58420.0,3.884,403,23,440,WON,False,False,False
123320,3,국내파생,TIGER 레버리지,14550,5,-45,-0.31,14565.0,-9.3479,15854,229,437,TIGER,False,True,False
429760,4,해외주식,PLUS 미국S&P500,16075,5,-35,-0.22,16054.0,16.7053,1283,20,434,PLUS,False,False,False
475350,4,해외주식,RISE 버크셔포트폴리오TOP10,13000,2,75,0.58,12889.0,13.9268,4602,59,429,RISE,False,False,False
490600,4,해외주식,RISE 미국배당100데일리고정커버드콜,10400,2,10,0.1,10360.0,,9618,99,426,RISE,False,False,False
469070,2,국내 업종/테마,RISE AI&로봇,7915,2,140,1.8,7908.0,2.0341,12972,102,423,RISE,False,False,False
99140,4,해외주식,KODEX 차이나H,19665,5,-290,-1.45,19840.0,32.2837,242,4,423,KODEX,False,False,False
441540,2,국내 업종/테마,HANARO Fn조선해운,14540,5,-165,-1.12,14553.0,19.0206,2183,31,422,HANARO,False,False,False
266360,2,국내 업종/테마,KODEX 미디어&엔터테인먼트,11960,2,180,1.53,11993.0,14.092,6481,77,419,KODEX,False,False,False
122260,6,채권,KOSEF 통안채1년,106245,3,0,0.0,106253.0,0.9166,0,0,414,KOSEF,False,False,False
448490,6,채권,HANARO 32-10 국고채액티브,58070,3,0,0.0,58057.0,2.335,0,0,413,HANARO,False,False,False
276970,4,해외주식,KODEX 미국S&P500배당귀족커버드콜(합성 H),8730,2,10,0.11,8696.0,1.7146,169,1,410,KODEX,False,False,False
473490,4,해외주식,KOSEF 글로벌AI반도체,16045,2,95,0.6,15914.0,13.5635,2847,45,409,KOSEF,False,False,False
460960,7,기타,ACE 글로벌인컴TOP10 SOLACTIVE,11505,5,-60,-0.52,11507.0,10.5323,1152,13,408,ACE,False,False,False
464470,6,채권,PLUS 미국채30년액티브,53875,5,-325,-0.6,53736.0,-1.347,202,10,406,PLUS,False,False,False
336160,6,채권,RISE 금융채액티브,103050,5,-80,-0.08,103079.0,1.427,35,3,404,RISE,False,False,False
385720,1,국내 시장지수,TIMEFOLIO 코스피액티브,8975,2,5,0.06,8991.0,-1.86,2,0,404,TIMEFOLIO,False,False,False
475380,7,기타,RISE 글로벌리얼티인컴,10565,5,-25,-0.24,10570.0,-1.3048,347,3,401,RISE,False,False,False
385510,2,국내 업종/테마,KODEX K-신재생에너지액티브,16040,5,-145,-0.9,16158.0,-5.5167,55,0,401,KODEX,False,False,False
400570,4,해외주식,KODEX 유럽탄소배출권선물ICE(H),9745,5,-415,-4.08,9805.0,2.3162,31008,301,401,KODEX,False,False,True
152870,1,국내 시장지수,파워 200,33310,2,15,0.05,33326.0,-3.6269,1,0,400,파워,False,False,False
453820,4,해외주식,KODEX 인도Nifty50레버리지(합성),18410,5,-105,-0.57,18504.0,5.4985,50,0,396,KODEX,False,True,False
227540,2,국내 업종/테마,TIGER 200 헬스케어,19550,2,240,1.24,19578.0,-4.9705,1501,29,395,TIGER,False,False,False
491010,4,해외주식,TIGER 글로벌AI인프라액티브,13700,5,-150,-1.08,13617.0,35.9175,1383,19,392,TIGER,False,False,False
371450,4,해외주식,TIGER 글로벌클라우드컴퓨팅INDXX,13195,3,0,0.0,13278.0,41.3497,244,3,385,TIGER,False,False,False
261250,7,기타,KODEX 미국달러선물레버리지,16210,2,25,0.15,16216.0,16.0215,47704,772,384,KODEX,False,True,False
108450,2,국내 업종/테마,ACE 삼성그룹섹터가중,13610,2,35,0.26,13643.0,-9.9802,13,0,381,ACE,False,False,False
352560,7,기타,KODEX 미국부동산리츠(H),12490,2,5,0.04,12480.0,-3.4417,22562,281,381,KODEX,False,False,True
248270,4,해외주식,TIGER S&P글로벌헬스케어(합성),23200,5,-5,-0.02,23241.0,-4.3488,233,5,380,TIGER,False,False,False
363580,2,국내 업종/테마,KODEX 200IT TR,10545,2,50,0.48,10563.0,-12.139,34,0,380,KODEX,False,False,False
117700,2,국내 업종/테마,KODEX 건설,2810,2,15,0.54,2816.0,-11.9686,6516,18,377,KODEX,False,False,False
123310,3,국내파생,TIGER 인버스,5210,2,15,0.29,5208.0,4.5271,15079,78,375,TIGER,True,False,False
458030,6,채권,WON 단기국공채액티브,52995,3,0,0.0,53008.0,0.8852,0,0,374,WON,False,False,False
466930,2,국내 업종/테마,SOL 자동차TOP3플러스,10430,5,-10,-0.1,10454.0,-0.6661,577,6,370,SOL,False,False,False
138230,7,기타,KOSEF 미국달러선물,15975,2,40,0.25,15973.0,7.8146,126,2,369,KOSEF,False,False,False
365000,2,국내 업종/테마,TIGER 인터넷TOP10,4000,2,60,1.52,4016.0,20.4892,14404,57,362,TIGER,False,False,False
491090,4,해외주식,KODEX 미국테크1조달러기업포커스,12895,2,20,0.16,12878.0,21.9223,425,5,361,KODEX,False,False,False
337160,2,국내 업종/테마,KODEX 200ESG,13275,3,0,0.0,13287.0,-0.5618,0,0,358,KODEX,False,False,False
465330,2,국내 업종/테마,RISE 2차전지TOP10,9445,5,-35,-0.37,9476.0,-16.4758,9216,86,357,RISE,False,False,False
279530,2,국내 업종/테마,KODEX 고배당,10380,5,-20,-0.19,10403.0,2.5438,789,8,353,KODEX,False,False,False
468380,6,채권,KODEX iShares미국하이일드액티브,11585,5,-5,-0.04,11579.0,8.7752,887,10,352,KODEX,False,False,False
434960,1,국내 시장지수,DAISHIN343 K200,33280,3,0,0.0,33324.0,-3.4859,0,0,349,DAISHIN343,False,False,False
332620,6,채권,PLUS 미국장기우량회사채,97790,5,-565,-0.57,97722.0,2.8441,22,2,349,PLUS,False,False,False
469170,2,국내 업종/테마,ACE 포스코그룹포커스,4620,5,-30,-0.65,4621.0,-24.0197,22159,102,347,ACE,False,False,False
332500,1,국내 시장지수,ACE 200TR,21590,2,10,0.05,21595.0,-3.7896,268,5,345,ACE,False,False,False
371470,4,해외주식,TIGER 차이나바이오테크SOLACTIVE,5970,5,-65,-1.08,6023.0,25.3374,809,4,341,TIGER,False,False,False
368190,2,국내 업종/테마,HANARO Fn K-뉴딜디지털플러스,7325,3,0,0.0,7441.0,-5.0551,0,0,341,HANARO,False,False,False
195930,4,해외주식,TIGER 유로스탁스50(합성 H),17795,2,5,0.03,17850.0,2.8918,15,0,338,TIGER,False,False,False
237350,1,국내 시장지수,KODEX 코스피100,25670,5,-50,-0.19,25730.0,-3.5259,1358,34,334,KODEX,False,False,False
388280,2,국내 업종/테마,RISE 컨택트대표,6050,2,55,0.92,6075.0,3.8994,7,0,332,RISE,False,False,False
471040,4,해외주식,KoAct 글로벌AI&로봇액티브,15355,5,-35,-0.23,15226.0,23.7138,466,7,330,KoAct,False,False,False
426020,4,해외주식,TIMEFOLIO 미국S&P500액티브,22270,5,-120,-0.54,22203.0,26.7478,1492,33,330,TIMEFOLIO,False,False,False
475270,6,채권,ACE 5월만기자동연장회사채AA-이상액티브,10355,3,0,0.0,10357.0,0.7785,0,0,328,ACE,False,False,False
295020,6,채권,RISE 국채선물10년인버스,53340,2,110,0.21,53436.0,-0.9767,1,0,328,RISE,True,False,False
298770,4,해외주식,KODEX 한국대만IT프리미어,25030,2,155,0.62,25003.0,7.7772,2017,50,325,KODEX,False,False,False
476850,1,국내 시장지수,KoAct 배당성장액티브,9285,2,55,0.6,9274.0,-2.8524,17,0,325,KoAct,False,False,False
300640,2,국내 업종/테마,RISE 게임테마,9010,2,230,2.62,9040.0,4.0284,465,4,320,RISE,False,False,False
167860,6,채권,KOSEF 국고채10년레버리지,118145,5,-365,-0.31,118231.0,3.1732,60,7,319,KOSEF,False,True,False
102970,2,국내 업종/테마,KODEX 증권,7720,5,-85,-1.09,7717.0,2.6973,3852,29,317,KODEX,False,False,False
479620,4,해외주식,SOL 미국AI반도체칩메이커,10905,2,205,1.92,10739.0,10.766,22443,243,316,SOL,False,False,False
498400,2,국내 업종/테마,KODEX 200타겟위클리커버드콜,9855,5,-15,-0.15,9876.0,,21195,208,315,KODEX,False,False,False
476030,4,해외주식,SOL 미국나스닥100,13135,2,25,0.19,13058.0,20.3635,10061,132,315,SOL,False,False,False
287180,4,해외주식,PLUS 미국나스닥테크,36850,2,170,0.46,36628.0,14.4283,190,7,313,PLUS,False,False,False
304780,3,국내파생,HANARO 200선물레버리지,16360,5,-115,-0.7,16367.0,-9.2287,75,1,311,HANARO,False,True,False
421320,2,국내 업종/테마,PLUS 우주항공&UAM,12765,5,-125,-0.97,12758.0,1.2568,3087,39,306,PLUS,False,False,False
440340,7,기타,TIGER 글로벌멀티에셋TIF액티브,11640,2,20,0.17,11597.0,8.72,25853,300,303,TIGER,False,False,False
444490,4,해외주식,WON 미국S&P500,16335,5,-30,-0.18,16302.0,16.8511,5238,85,302,WON,False,False,False
472830,6,채권,RISE 미국30년국채커버드콜(합성),9805,5,-45,-0.46,9772.0,1.202,3910,38,299,RISE,False,False,False
495050,1,국내 시장지수,RISE 코리아밸류업,9480,2,30,0.32,9495.0,,10220,96,294,RISE,False,False,False
438320,4,해외주식,TIGER 차이나항셍테크레버리지(합성 H),7155,5,-120,-1.65,7190.0,61.1295,8203,57,293,TIGER,False,True,False
256750,4,해외주식,KODEX 차이나심천ChiNext(합성),10245,5,-60,-0.58,10317.0,54.151,40,0,293,KODEX,False,False,False
495230,1,국내 시장지수,KoAct 코리아밸류업액티브,9595,2,25,0.26,9613.0,,7,0,293,KoAct,False,False,False
475050,2,국내 업종/테마,ACE KPOP포커스,8470,2,220,2.67,8489.0,35.3568,47724,400,292,ACE,False,False,False
332610,6,채권,PLUS 미국단기회사채(AAA~A),128340,3,0,0.0,128439.0,7.2225,0,0,290,PLUS,False,False,False
271060,5,원자재,KODEX 3대농산물선물(H),8530,5,-20,-0.23,8489.0,0.9445,1684,14,289,KODEX,False,False,True
160580,5,원자재,TIGER 구리실물,11415,5,-230,-1.98,11578.0,7.924,3872,44,288,TIGER,False,False,False
394350,4,해외주식,KOSEF 글로벌퓨처모빌리티,11985,5,-120,-0.99,12062.0,20.6278,13,0,288,KOSEF,False,False,False
473590,4,해외주식,ACE 미국주식베스트셀러,18410,2,70,0.38,18270.0,39.6269,20856,383,285,ACE,False,False,False
359210,1,국내 시장지수,KODEX 코스피TR,12365,5,-35,-0.28,12386.0,-2.8214,2563,31,284,KODEX,False,False,False
354350,4,해외주식,HANARO 글로벌럭셔리S&P(합성),20275,2,110,0.55,20379.0,19.1432,3445,69,278,HANARO,False,False,False
272570,6,채권,RISE 중장기국공채액티브,109610,5,-40,-0.04,109620.0,1.6595,1,0,273,RISE,False,False,False
469160,4,해외주식,ACE 일본반도체,11295,5,-95,-0.83,11263.0,3.217,4,0,271,ACE,False,False,False
211560,2,국내 업종/테마,TIGER 배당성장,19165,2,90,0.47,19166.0,-2.0288,66,1,270,TIGER,False,False,False
395160,2,국내 업종/테마,KODEX 시스템반도체,7835,3,0,0.0,7852.0,-13.1375,6259,49,266,KODEX,False,False,False
256440,4,해외주식,ACE 인도네시아MSCI(합성),10215,2,25,0.25,10214.0,-3.7317,173,1,266,ACE,False,False,False
453650,4,해외주식,KODEX 미국S&P500금융,17565,5,-25,-0.14,17553.0,19.7494,3189,55,263,KODEX,False,False,False
367760,2,국내 업종/테마,RISE 5G테크,9500,2,110,1.17,9515.0,-9.2754,45,0,261,RISE,False,False,False
496120,1,국내 시장지수,ACE 코리아밸류업,9670,5,-20,-0.21,9700.0,,2000,19,261,ACE,False,False,False
169950,4,해외주식,KODEX 차이나A50,21750,5,-130,-0.59,22017.0,26.3644,104,2,261,KODEX,False,False,False
445150,2,국내 업종/테마,KODEX K-친환경조선해운액티브,13695,5,-130,-0.94,13708.0,16.0789,1835,25,260,KODEX,False,False,False
493420,4,해외주식,SOL 미국배당다우존스TR,10810,2,5,0.05,10796.0,,22642,244,259,SOL,False,False,False
276650,4,해외주식,RISE 글로벌테크놀로지(합성 H),32365,3,0,0.0,32161.0,11.2772,1,0,259,RISE,False,False,False
469060,4,해외주식,RISE 미국반도체NYSE,15230,2,170,1.13,15018.0,5.7658,26145,395,259,RISE,False,False,False
387270,4,해외주식,TIGER 글로벌이노베이션액티브,17245,5,-5,-0.03,17137.0,18.3939,27,0,259,TIGER,False,False,False
469050,4,해외주식,RISE 미국반도체NYSE(H),13980,2,160,1.16,13768.0,-1.4406,23320,324,259,RISE,False,False,True
448570,1,국내 시장지수,FOCUS AI코리아액티브,11720,3,0,0.0,11743.0,-4.8702,0,0,258,FOCUS,False,False,False
360140,2,국내 업종/테마,KODEX 200롱코스닥150숏선물,9195,5,-20,-0.22,9220.0,0.9309,1,0,257,KODEX,False,False,False
200030,4,해외주식,KODEX 미국S&P500산업재(합성),34250,5,-115,-0.33,34166.0,15.2607,452,15,257,KODEX,False,False,False
218420,4,해외주식,KODEX 미국S&P500에너지(합성),14870,5,-130,-0.87,14916.0,14.1987,304,4,256,KODEX,False,False,False
326230,2,국내 업종/테마,RISE 내수주플러스,8305,5,-5,-0.06,8306.0,-2.8639,1,0,254,RISE,False,False,False
487920,4,해외주식,ACE 인도시장대표BIG5그룹액티브,9710,5,-30,-0.31,9729.0,-3.9448,43,0,252,ACE,False,False,False
494840,4,해외주식,TIGER 미국방산TOP10,9495,2,10,0.11,9561.0,,1438,13,252,TIGER,False,False,False
419430,4,해외주식,KODEX 차이나2차전지MSCI(합성),6610,5,-75,-1.12,6803.0,33.0348,1203,7,251,KODEX,False,False,False
101280,4,해외주식,KODEX 일본TOPIX100,22330,5,-170,-0.76,22360.0,10.0352,747,16,250,KODEX,False,False,False
495940,4,해외주식,RISE 미국AI테크액티브,11080,2,60,0.54,10992.0,,2201,24,244,RISE,False,False,False
289480,3,국내파생,TIGER 200커버드콜,8085,5,-15,-0.19,8097.0,-0.5281,2488,20,243,TIGER,False,False,False
453640,4,해외주식,KODEX 미국S&P500헬스케어,12310,2,5,0.04,12285.0,-3.2246,5917,72,240,KODEX,False,False,False
471460,6,채권,히어로즈 국고채30년액티브,66630,3,0,0.0,66242.0,7.0808,0,0,240,히어로즈,False,False,False
453950,4,해외주식,TIGER TSMC파운드리밸류체인,15370,5,-80,-0.52,15383.0,7.1057,319,4,238,TIGER,False,False,False
138520,2,국내 업종/테마,TIGER 삼성그룹펀더멘털,10810,3,0,0.0,10821.0,-10.5429,3,0,238,TIGER,False,False,False
440910,4,해외주식,WON 미국우주항공방산,16360,5,-180,-1.09,16315.0,19.8116,2015,33,237,WON,False,False,False
496020,6,채권,WON 전단채플러스액티브,50260,2,5,0.01,50258.0,,3,0,237,WON,False,False,False
261120,7,기타,TIGER 미국달러선물인버스2X,5360,5,-25,-0.46,5380.0,-13.1452,3459,18,236,TIGER,True,False,False
277540,4,해외주식,ACE 아시아TOP50S&P,16840,2,10,0.06,16772.0,16.9562,3,0,236,ACE,False,False,False
237370,7,기타,KODEX 배당성장채권혼합,13035,3,0,0.0,13038.0,0.2692,599,7,235,KODEX,False,False,False
474590,2,국내 업종/테마,WON 반도체밸류체인액티브,8060,3,0,0.0,8096.0,-11.0866,0,0,234,WON,False,False,False
252420,3,국내파생,RISE 200선물인버스2X,2455,3,0,0.0,2453.0,8.1497,24054,59,233,RISE,True,False,False
451600,6,채권,PLUS 국고채30년액티브,119395,2,30,0.03,118856.0,7.1691,1,0,233,PLUS,False,False,False
271050,5,원자재,KODEX WTI원유선물인버스(H),4295,2,20,0.47,4294.0,-7.5676,19846,85,232,KODEX,True,False,True
488080,3,국내파생,TIGER 반도체TOP10레버리지,4505,2,10,0.22,4542.0,-21.8261,59285,267,230,TIGER,False,True,False
140700,2,국내 업종/테마,KODEX 보험,9825,5,-105,-1.06,9841.0,-0.7497,435,4,226,KODEX,False,False,False
238720,4,해외주식,ACE 일본Nikkei225(H),28080,5,-190,-0.67,28073.0,9.5524,14,0,225,ACE,False,False,True
213610,2,국내 업종/테마,KODEX 삼성그룹밸류,7930,2,30,0.38,7943.0,-10.074,274,2,222,KODEX,False,False,False
457690,6,채권,KODEX 33-06 국고채액티브,11040,5,-5,-0.05,11036.0,1.9852,13,0,222,KODEX,False,False,False
276990,4,해외주식,KODEX 글로벌로봇(합성),19300,2,80,0.42,19357.0,17.2666,377,7,219,KODEX,False,False,False
483420,4,해외주식,ACE 애플밸류체인액티브,10950,2,170,1.58,10919.0,11.2487,5676,62,219,ACE,False,False,False
261070,2,국내 업종/테마,TIGER 코스닥150바이오테크,12405,2,20,0.16,12496.0,-1.1967,1003,12,218,TIGER,False,False,False
483240,4,해외주식,TIGER 미국나스닥100ETF선물,10870,3,0,0.0,10843.0,,273,2,217,TIGER,False,False,False
450910,1,국내 시장지수,SOL 코스닥150,11305,3,0,0.0,11343.0,-5.1992,0,0,217,SOL,False,False,False
461340,4,해외주식,HANARO 글로벌생성형AI액티브,20620,5,-80,-0.39,20373.0,43.6004,849,17,217,HANARO,False,False,False
363510,6,채권,SOL KIS단기통안채,109050,3,0,0.0,109055.0,0.7669,0,0,215,SOL,False,False,False
375770,2,국내 업종/테마,KODEX 탄소효율그린뉴딜,8225,5,-5,-0.06,8251.0,-3.9113,12,0,214,KODEX,False,False,False
396520,4,해외주식,TIGER 차이나반도체FACTSET,7160,2,105,1.49,7062.0,54.5454,1171,8,212,TIGER,False,False,False
250730,4,해외주식,RISE 차이나HSCEI(H),8780,5,-25,-0.28,8809.0,22.6323,11,0,211,RISE,False,False,True
196030,4,해외주식,ACE 일본TOPIX레버리지(H),42100,5,-795,-1.85,42319.0,17.1994,69,2,211,ACE,False,True,True
463680,4,해외주식,KODEX 미국S&P500테크놀로지,14985,5,-25,-0.17,14940.0,17.1649,723,10,210,KODEX,False,False,False
433970,7,기타,KODEX TDF2030액티브,13080,5,-25,-0.19,13065.0,8.0201,1959,25,209,KODEX,False,False,False
457700,6,채권,KODEX 53-09 국고채액티브,12520,5,-30,-0.24,12488.0,7.1276,4770,59,209,KODEX,False,False,False
433980,7,기타,KODEX TDF2040액티브,13925,5,-35,-0.25,13900.0,9.9818,1209,16,209,KODEX,False,False,False
496090,1,국내 시장지수,KOSEF 코리아밸류업,9460,5,-45,-0.47,9491.0,,11,0,208,KOSEF,False,False,False
300950,2,국내 업종/테마,KODEX 게임산업,7340,2,145,2.02,7340.0,4.2753,5579,40,206,KODEX,False,False,False
210780,2,국내 업종/테마,TIGER 코스피고배당,15060,5,-35,-0.23,15082.0,2.1519,4265,64,203,TIGER,False,False,False
411050,4,해외주식,ACE 글로벌메타버스테크액티브,14465,5,-30,-0.21,14399.0,25.3892,4,0,203,ACE,False,False,False
139220,2,국내 업종/테마,TIGER 200 건설,2635,2,30,1.15,2636.0,-16.64,2155,5,201,TIGER,False,False,False
491830,4,해외주식,TIGER 미국AI반도체팹리스,11350,2,260,2.34,11250.0,,23046,259,199,TIGER,False,False,False
485690,4,해외주식,RISE 미국AI밸류체인TOP3Plus,12030,5,-5,-0.04,11973.0,26.2191,987,11,198,RISE,False,False,False
463250,2,국내 업종/테마,TIGER 우주방산,10810,5,-90,-0.83,10823.0,1.6317,23609,256,195,TIGER,False,False,False
243880,2,국내 업종/테마,TIGER 200IT레버리지,24875,5,-10,-0.04,25072.0,-24.8301,19,0,193,TIGER,False,True,False
437350,6,채권,RISE 미국단기투자등급회사채액티브,12040,2,5,0.04,12038.0,7.1682,282,3,193,RISE,False,False,False
130680,5,원자재,TIGER 원유선물Enhanced(H),4200,5,-30,-0.71,4207.0,5.0931,54,0,191,TIGER,False,False,True
352540,7,기타,KODEX 일본부동산리츠(H),10555,5,-20,-0.19,10556.0,-5.6646,378,3,190,KODEX,False,False,True
418670,4,해외주식,TIGER 글로벌사이버보안INDXX,15220,2,180,1.2,15063.0,24.7097,277,4,189,TIGER,False,False,False
117460,2,국내 업종/테마,KODEX 에너지화학,9930,5,-105,-1.05,9992.0,-14.3406,1308,12,188,KODEX,False,False,False
225800,7,기타,KOSEF 미국달러선물레버리지,15360,3,0,0.0,15418.0,15.4453,0,0,187,KOSEF,False,True,False
442260,1,국내 시장지수,마이티 다이나믹퀀트액티브,11705,3,0,0.0,11614.0,-3.3045,0,0,187,마이티,False,False,False
114460,6,채권,ACE 국고채3년,103545,5,-40,-0.04,103549.0,1.3551,6,0,186,ACE,False,False,False
396510,4,해외주식,TIGER 차이나클린에너지SOLACTIVE,6465,3,0,0.0,6573.0,23.2602,0,0,186,TIGER,False,False,False
354500,1,국내 시장지수,ACE 코스닥150,11610,2,30,0.26,11643.0,-5.662,2324,26,186,ACE,False,False,False
341850,7,기타,TIGER 리츠부동산인프라채권TR KIS,4600,3,0,0.0,4616.0,-6.8449,1573,7,184,TIGER,False,False,False
364990,2,국내 업종/테마,TIGER 게임TOP10,5655,2,85,1.53,5677.0,2.2018,37709,211,181,TIGER,False,False,False
266370,2,국내 업종/테마,KODEX IT,15070,2,15,0.1,15110.0,-12.9518,41,0,181,KODEX,False,False,False
409810,4,해외주식,KODEX 미국나스닥100선물인버스(H),7440,3,0,0.0,7475.0,-10.3075,6265,46,179,KODEX,True,False,True
417630,2,국내 업종/테마,TIGER KEDI혁신기업ESG30,9390,2,30,0.32,9407.0,-3.3558,201,1,178,TIGER,False,False,False
385590,2,국내 업종/테마,ACE ESG액티브,7430,3,0,0.0,7442.0,-2.8123,0,0,178,ACE,False,False,False
377990,2,국내 업종/테마,TIGER Fn신재생에너지,7925,2,70,0.89,7940.0,-4.2074,139,1,178,TIGER,False,False,False
494410,4,해외주식,PLUS 미국S&P500성장주,11120,5,-40,-0.36,11096.0,,63071,700,178,PLUS,False,False,False
185680,4,해외주식,KODEX 미국S&P바이오(합성),29200,5,-710,-2.37,29213.0,4.489,3186,93,178,KODEX,False,False,False
442570,7,기타,RISE TDF2050액티브,13430,5,-40,-0.3,13422.0,11.1386,126,1,175,RISE,False,False,False
354240,7,기타,RISE 미국고정배당우선증권 TR,11960,5,-55,-0.46,11947.0,4.9803,157,1,173,RISE,False,False,False
387280,2,국내 업종/테마,TIGER 퓨처모빌리티액티브,7200,3,0,0.0,7187.0,-6.9167,14,0,172,TIGER,False,False,False
459560,4,해외주식,KODEX 테슬라밸류체인FactSet,16320,2,70,0.43,16260.0,32.9787,1517,24,171,KODEX,False,False,False
481340,6,채권,RISE 미국30년국채액티브,10385,5,-75,-0.72,10363.0,-4.0191,1396,14,171,RISE,False,False,False
463640,4,해외주식,KODEX 미국S&P500유틸리티,12985,2,40,0.31,12974.0,7.857,480,6,169,KODEX,False,False,False
486240,2,국내 업종/테마,DAISHIN343 AI반도체&인프라액티브,7590,5,-5,-0.07,7627.0,-1.1068,44,0,167,DAISHIN343,False,False,False
487950,4,해외주식,KODEX 대만테크고배당다우존스,9520,2,45,0.47,9491.0,3.4614,11,0,167,KODEX,False,False,False
494330,2,국내 업종/테마,ACE 라이프자산주주가치액티브,10085,5,-40,-0.4,10070.0,,79,0,166,ACE,False,False,False
438900,2,국내 업종/테마,HANARO Fn K-푸드,10735,2,80,0.75,10778.0,7.6262,2145,23,166,HANARO,False,False,False
114470,6,채권,KOSEF 국고채3년,110580,3,0,0.0,110553.0,1.3611,0,0,166,KOSEF,False,False,False
495550,1,국내 시장지수,SOL 코리아밸류업TR,9455,2,10,0.11,9501.0,,10139,95,165,SOL,False,False,False
415340,4,해외주식,KODEX 차이나과창판STAR50(합성),8155,5,-30,-0.37,8346.0,59.5516,21,0,164,KODEX,False,False,False
468630,6,채권,KODEX iShares미국투자등급회사채액티브,11615,5,-25,-0.21,11599.0,5.0446,17994,208,164,KODEX,False,False,False
280320,4,해외주식,ACE 미국IT인터넷S&P(합성 H),20395,5,-80,-0.39,20380.0,30.0,1538,31,163,ACE,False,False,False
252400,3,국내파생,RISE 200선물레버리지,13520,2,15,0.11,13534.0,-10.0267,1142,15,162,RISE,False,True,False
265690,4,해외주식,ACE 러시아MSCI(합성),8720,3,0,0.0,48.0,0.0,0,0,161,ACE,False,False,False
395150,2,국내 업종/테마,KODEX 웹툰&드라마,3215,2,65,2.06,3233.0,11.3074,5179,16,161,KODEX,False,False,False
316670,1,국내 시장지수,KOSEF 코스닥150,5700,5,-30,-0.52,5765.0,-5.2893,386,2,161,KOSEF,False,False,False
211900,2,국내 업종/테마,KODEX 배당성장,15300,5,-10,-0.07,15339.0,-1.0023,161,2,161,KODEX,False,False,False
447430,2,국내 업종/테마,ACE 주주환원가치주액티브,12830,3,0,0.0,12875.0,11.6137,14,0,160,ACE,False,False,False
472350,4,해외주식,1Q 차이나H(H),13350,3,0,0.0,13347.0,21.6955,0,0,160,1Q,False,False,True
444200,2,국내 업종/테마,SOL KEDI메가테크액티브,13825,5,-60,-0.43,13887.0,-1.6644,613,8,159,SOL,False,False,False
447660,7,기타,PLUS 애플채권혼합,12715,2,5,0.04,12725.0,6.7977,1094,13,159,PLUS,False,False,False
381560,2,국내 업종/테마,HANARO Fn전기&수소차,7055,3,0,0.0,7136.0,-9.8979,0,0,159,HANARO,False,False,False
269420,4,해외주식,KODEX S&P글로벌인프라(합성),18150,2,30,0.17,18141.0,9.7184,2,0,158,KODEX,False,False,False
448630,7,기타,RISE 삼성그룹Top3채권혼합,9745,3,0,0.0,9782.0,-4.1319,0,0,156,RISE,False,False,False
292190,1,국내 시장지수,KODEX KRX300,15585,5,-40,-0.26,15608.0,-3.9053,3457,53,156,KODEX,False,False,False
467620,6,채권,히어로즈 25-09 미국채권(AA-이상)액티브,55540,2,55,0.1,55640.0,7.089,2,0,156,히어로즈,False,False,False
137610,5,원자재,TIGER 농산물선물Enhanced(H),5550,5,-50,-0.89,5565.0,0.6289,1493,8,155,TIGER,False,False,True
459750,4,해외주식,RISE 글로벌주식분산액티브,14015,3,0,0.0,13928.0,13.4358,0,0,154,RISE,False,False,False
449780,4,해외주식,KOSEF 미국S&P500(H),15395,5,-60,-0.39,15376.0,9.4934,287,4,154,KOSEF,False,False,True
488720,7,기타,WON 종합채권(AA-이상)액티브,51430,3,0,0.0,51381.0,2.5523,0,0,153,WON,False,False,False
139250,2,국내 업종/테마,TIGER 200 에너지화학,9450,2,130,1.39,9484.0,-14.3776,1059,9,153,TIGER,False,False,False
385520,2,국내 업종/테마,KODEX K-미래차액티브,7460,5,-25,-0.33,7477.0,-9.1075,3,0,153,KODEX,False,False,False
195970,4,해외주식,PLUS 선진국MSCI(합성 H),12045,5,-185,-1.51,12069.0,-0.6096,4,0,152,PLUS,False,False,False
461910,4,해외주식,PLUS 미국테크TOP10레버리지(합성),30340,2,15,0.05,30098.0,58.3137,47,1,152,PLUS,False,True,False
213630,4,해외주식,PLUS 미국다우존스고배당주(합성 H),17845,5,-25,-0.14,17836.0,4.6559,242,4,152,PLUS,False,False,False
292770,6,채권,KODEX 국채선물3년인버스,54585,2,20,0.04,54616.0,0.248,2,0,151,KODEX,True,False,False
491510,2,국내 업종/테마,파워 K-주주가치액티브,9995,2,80,0.81,9971.0,,2,0,150,파워,False,False,False
391600,4,해외주식,ACE 미국친환경그린테마INDXX,9345,5,-120,-1.27,9394.0,9.4852,32,0,150,ACE,False,False,False
117680,2,국내 업종/테마,KODEX 철강,9585,5,-90,-0.93,9685.0,24.8387,3603,34,148,KODEX,False,False,False
435040,4,해외주식,ACE 글로벌브랜드TOP10블룸버그,18300,5,-15,-0.08,18271.0,22.5247,43,0,146,ACE,False,False,False
219390,4,해외주식,RISE 미국S&P원유생산기업(합성 H),6200,5,-30,-0.48,6216.0,6.678,2817,17,146,RISE,False,False,False
183700,7,기타,RISE 채권혼합,60465,2,65,0.11,60542.0,-0.3515,1,0,145,RISE,False,False,False
446700,2,국내 업종/테마,RISE 배터리 리사이클링,9540,5,-120,-1.24,9581.0,-2.3256,1254,11,145,RISE,False,False,False
250780,3,국내파생,TIGER 코스닥150선물인버스,4110,5,-5,-0.12,4109.0,4.4416,219751,906,144,TIGER,True,False,False
490480,2,국내 업종/테마,SOL K방산,9865,5,-145,-1.45,9867.0,,9762,96,143,SOL,False,False,False
456250,4,해외주식,KODEX 유럽명품TOP10 STOXX,9530,2,80,0.85,9597.0,11.4781,241,2,143,KODEX,False,False,False
474920,4,해외주식,에셋플러스 차이나일등기업포커스10액티브,13735,2,120,0.88,13872.0,37.1097,531,7,143,에셋플러스,False,False,False
253290,7,기타,RISE 헬스케어채권혼합,11900,3,0,0.0,11925.0,-2.0415,460,5,143,RISE,False,False,False
440650,6,채권,ACE 미국달러단기채권액티브,11665,2,20,0.17,11654.0,7.824,601,7,140,ACE,False,False,False
495060,1,국내 시장지수,TIMEFOLIO 코리아밸류업액티브,9310,5,-60,-0.64,9332.0,,32,0,140,TIMEFOLIO,False,False,False
445690,2,국내 업종/테마,BNK 주주가치액티브,13275,3,0,0.0,13250.0,-0.1129,0,0,139,BNK,False,False,False
241390,7,기타,RISE V&S셀렉트밸류채권혼합,11590,5,-5,-0.04,11598.0,-0.6683,1,0,139,RISE,False,False,False
304770,1,국내 시장지수,HANARO 코스닥150,11525,2,195,1.72,11574.0,-7.4725,12,0,138,HANARO,False,False,False
139270,2,국내 업종/테마,TIGER 200 금융,8620,5,-80,-0.92,8624.0,5.8522,541,4,138,TIGER,False,False,False
483570,4,해외주식,KCGI 미국S&P500 TOP10,12420,2,90,0.73,12349.0,22.5646,36682,455,137,KCGI,False,False,False
453660,4,해외주식,KODEX 미국S&P500경기소비재,18130,5,-140,-0.77,18193.0,33.7873,144,2,136,KODEX,False,False,False
140710,2,국내 업종/테마,KODEX 운송,5010,5,-65,-1.28,5040.0,4.9638,768,3,135,KODEX,False,False,False
407820,2,국내 업종/테마,에셋플러스 코리아플랫폼액티브,6385,2,25,0.39,6399.0,-0.3135,203,1,134,에셋플러스,False,False,False
463690,4,해외주식,KODEX 미국S&P500커뮤니케이션,16670,2,55,0.33,16645.0,29.3197,102,1,133,KODEX,False,False,False
451670,6,채권,RISE 국채30년레버리지(합성),26650,5,-125,-0.47,26567.0,13.4774,229,6,133,RISE,False,True,False
465670,4,해외주식,TIGER 미국캐시카우100,13290,5,-5,-0.04,13289.0,16.6739,2962,39,133,TIGER,False,False,False
459790,4,해외주식,히어로즈 미국성장기업30액티브,15380,3,0,0.0,15288.0,17.1363,0,0,131,히어로즈,False,False,False
482870,2,국내 업종/테마,HANARO 주주가치성장코리아액티브,10050,3,0,0.0,10019.0,0.2493,0,0,131,HANARO,False,False,False
300610,2,국내 업종/테마,TIGER K게임,7655,2,240,3.24,7671.0,3.3449,5565,42,130,TIGER,False,False,False
245350,4,해외주식,TIGER 유로스탁스배당30,12265,2,100,0.82,12152.0,-0.1724,27,0,129,TIGER,False,False,False
217780,4,해외주식,TIGER 차이나CSI300인버스(합성),7280,2,70,0.97,7329.0,-25.8231,14,0,127,TIGER,True,False,False
395280,2,국내 업종/테마,HANARO Fn K-게임,4250,5,-70,-1.62,4410.0,4.0963,1,0,125,HANARO,False,False,False
495040,1,국내 시장지수,PLUS 코리아밸류업,9465,3,0,0.0,9508.0,,0,0,123,PLUS,False,False,False
417450,4,해외주식,RISE 글로벌수소경제,7425,2,60,0.81,7418.0,15.2582,458,3,123,RISE,False,False,False
269370,4,해외주식,TIGER S&P글로벌인프라(합성),14395,3,0,0.0,14593.0,8.4532,0,0,122,TIGER,False,False,False
138910,5,원자재,KODEX 구리선물(H),7170,5,-90,-1.24,7147.0,1.2552,212,1,122,KODEX,False,False,True
461900,4,해외주식,PLUS 미국테크TOP10,18680,2,100,0.54,18499.0,27.1731,148,2,121,PLUS,False,False,False
140950,1,국내 시장지수,파워 코스피100,25150,2,30,0.12,25135.0,-3.4515,2,0,121,파워,False,False,False
182490,6,채권,TIGER 단기선진하이일드(합성 H),13370,2,90,0.68,13359.0,1.1809,113,1,120,TIGER,False,False,False
453630,4,해외주식,KODEX 미국S&P500필수소비재,12600,2,120,0.96,12586.0,5.6194,803,10,120,KODEX,False,False,False
494420,2,국내 업종/테마,PLUS 미국배당증가성장주데일리커버드콜,9960,5,-20,-0.2,9928.0,,87678,872,120,PLUS,False,False,False
471290,6,채권,HANARO CD금리액티브(합성),103825,2,5,0.0,103818.0,0.8156,4,0,119,HANARO,False,False,False
266410,2,국내 업종/테마,KODEX 필수소비재,6610,5,-40,-0.6,6635.0,-2.3495,348,2,119,KODEX,False,False,False
239660,6,채권,PLUS 우량회사채50,118710,5,-5,0.0,118708.0,1.0082,5,0,119,PLUS,False,False,False
275300,2,국내 업종/테마,KODEX MSCI퀄리티,8475,3,0,0.0,8517.0,-4.0748,0,0,119,KODEX,False,False,False
422260,2,국내 업종/테마,VITA MZ소비액티브,7850,2,65,0.83,7897.0,-2.1985,30001,235,118,VITA,False,False,False
433500,2,국내 업종/테마,ACE 원자력테마딥서치,16745,3,0,0.0,16782.0,2.322,22,0,117,ACE,False,False,False
306950,3,국내파생,KODEX KRX300레버리지,11715,3,0,0.0,11857.0,-8.8327,10,0,117,KODEX,False,True,False
453060,6,채권,HANARO KOFR금리액티브(합성),106430,3,0,0.0,106422.0,0.8337,0,0,117,HANARO,False,False,False
430500,7,기타,KOSEF 물가채KIS,117010,5,-70,-0.06,116988.0,2.8641,2,0,117,KOSEF,False,False,False
195920,4,해외주식,TIGER 일본TOPIX(합성 H),23295,5,-290,-1.23,23466.0,7.5958,13,0,116,TIGER,False,False,False
276000,4,해외주식,TIGER 글로벌자원생산기업(합성 H),14535,2,135,0.94,14524.0,-0.1387,27,0,116,TIGER,False,False,False
496770,4,해외주식,PLUS 글로벌방산,9620,2,20,0.21,9605.0,,177,1,115,PLUS,False,False,False
474390,6,채권,SOL 국고채30년액티브,57580,5,-170,-0.29,57518.0,7.1627,21,1,115,SOL,False,False,False
400590,4,해외주식,SOL 글로벌탄소배출권선물ICE(합성),11515,5,-280,-2.37,11594.0,-0.4222,865,9,115,SOL,False,False,False
291130,4,해외주식,ACE 멕시코MSCI(합성),12760,2,100,0.79,12781.0,4.7579,5256,66,115,ACE,False,False,False
460660,4,해외주식,RISE 미국S&P배당킹,11475,2,20,0.17,11449.0,6.0353,127,1,115,RISE,False,False,False
491620,4,해외주식,RISE 미국테크100데일리고정커버드콜,11405,2,10,0.09,11321.0,,1126,12,114,RISE,False,False,False
495330,1,국내 시장지수,1Q 코리아밸류업,9485,5,-5,-0.05,9499.0,,101,0,114,1Q,False,False,False
419650,4,해외주식,PLUS 글로벌수소&차세대연료전지,3800,5,-15,-0.39,3795.0,7.6163,1978,7,112,PLUS,False,False,False
267440,6,채권,RISE 미국장기국채선물(H),8585,5,-50,-0.58,8577.0,-6.4464,531,4,112,RISE,False,False,True
385600,2,국내 업종/테마,ACE 2차전지&친환경차액티브,7420,5,-115,-1.53,7437.0,-18.0979,591,4,111,ACE,False,False,False
275290,2,국내 업종/테마,KODEX MSCI밸류,10065,3,0,0.0,10139.0,-6.3721,0,0,111,KODEX,False,False,False
475300,2,국내 업종/테마,SOL 반도체전공정,6910,3,0,0.0,6927.0,-9.85,52,0,111,SOL,False,False,False
223190,2,국내 업종/테마,KODEX 200가치저변동,11045,5,-45,-0.41,11038.0,-0.7607,310,3,110,KODEX,False,False,False
449690,4,해외주식,TIGER 한중반도체(합성),14695,3,0,0.0,14852.0,29.8718,0,0,110,TIGER,False,False,False
479850,2,국내 업종/테마,HANARO K-뷰티,11010,2,80,0.73,11056.0,-11.2465,157,1,110,HANARO,False,False,False
419420,4,해외주식,KODEX 미국클린에너지나스닥,6840,2,20,0.29,6839.0,10.8943,2,0,109,KODEX,False,False,False
289260,2,국내 업종/테마,TIGER MSCI KOREA ESG리더스,8795,3,0,0.0,8763.0,-0.2948,0,0,108,TIGER,False,False,False
310080,4,해외주식,RISE 중국MSCI China(H),8620,5,-100,-1.15,8678.0,19.7802,685,5,108,RISE,False,False,True
483030,4,해외주식,KOSEF 미국블록버스터바이오테크의약품+,9745,5,-75,-0.76,9711.0,-6.3782,40,0,107,KOSEF,False,False,False
156080,1,국내 시장지수,KODEX MSCI Korea,15300,2,60,0.39,15331.0,-5.1059,10,0,107,KODEX,False,False,False
428560,4,해외주식,KODEX 미국ETF산업Top10 Indxx,17850,2,40,0.22,17840.0,17.0017,562,10,107,KODEX,False,False,False
472840,1,국내 시장지수,ITF 200,32955,5,-170,-0.51,33027.0,-3.4876,9,0,107,ITF,False,False,False
290080,3,국내파생,RISE 200고배당커버드콜ATM,8130,3,0,0.0,8122.0,7.2135,309,2,106,RISE,False,False,False
102960,2,국내 업종/테마,KODEX 기계장비,6925,5,-95,-1.35,6959.0,3.8461,313,2,105,KODEX,False,False,False
461450,1,국내 시장지수,KODEX 코스닥글로벌,10360,5,-105,-1.0,10552.0,-2.9221,7,0,104,KODEX,False,False,False
181480,7,기타,ACE 미국부동산리츠(합성 H),85790,5,-60,-0.07,85963.0,-3.0886,165,14,103,ACE,False,False,False
490330,4,해외주식,KoAct 미국뇌질환치료제액티브,10280,5,-140,-1.34,10343.0,8.1473,81,0,103,KoAct,False,False,False
275280,2,국내 업종/테마,KODEX MSCI모멘텀,12795,3,0,0.0,12762.0,1.9928,0,0,102,KODEX,False,False,False
230480,7,기타,KOSEF 미국달러선물인버스2X,4705,5,-10,-0.21,4705.0,-13.1676,926,4,102,KOSEF,True,False,False
489000,6,채권,PLUS 일본엔화초단기국채(합성),10085,2,10,0.1,10094.0,-0.2476,2996,30,101,PLUS,False,False,False
104530,2,국내 업종/테마,KOSEF 고배당,11185,5,-25,-0.22,11185.0,6.8534,640,7,101,KOSEF,False,False,False
499150,4,해외주식,SOL 미국S&P500엔화노출(H),10065,5,-35,-0.35,10071.0,,66122,665,101,SOL,False,False,True
104520,2,국내 업종/테마,KOSEF 블루칩,8280,2,40,0.49,8284.0,-1.1635,2,0,99,KOSEF,False,False,False
433220,4,해외주식,에셋플러스 글로벌대장장이액티브,18925,5,-35,-0.18,18902.0,27.1203,3,0,98,에셋플러스,False,False,False
460270,6,채권,히어로즈 미국달러SOFR금리액티브(합성),12130,3,0,0.0,12147.0,7.8222,0,0,98,히어로즈,False,False,False
432840,4,해외주식,HANARO 미국S&P500,16340,2,45,0.28,16264.0,17.7214,16,0,98,HANARO,False,False,False
497780,4,해외주식,KoAct 미국천연가스인프라액티브,9800,5,-10,-0.1,9838.0,,1952,19,98,KoAct,False,False,False
490590,4,해외주식,RISE 미국AI밸류체인데일리고정커버드콜,11520,5,-15,-0.13,11463.0,,10116,116,98,RISE,False,False,False
261110,7,기타,TIGER 미국달러선물레버리지,16300,2,50,0.31,16295.0,15.6583,20004,325,98,TIGER,False,True,False
376410,2,국내 업종/테마,TIGER 탄소효율그린뉴딜,8125,3,0,0.0,8161.0,-4.4118,0,0,98,TIGER,False,False,False
138530,2,국내 업종/테마,TIGER LG그룹+펀더멘털,6765,5,-20,-0.29,6767.0,-7.4226,17,0,97,TIGER,False,False,False
365040,1,국내 시장지수,TIGER AI코리아그로스액티브,12095,5,-20,-0.17,12128.0,-2.1801,105,1,97,TIGER,False,False,False
337140,2,국내 업종/테마,KODEX 코스피대형주,12010,5,-30,-0.25,12025.0,-2.4707,5,0,96,KODEX,False,False,False
292730,1,국내 시장지수,FOCUS KRX300,16000,3,0,0.0,15980.0,-3.9616,0,0,96,FOCUS,False,False,False
496130,1,국내 시장지수,TRUSTON 코리아밸류업액티브,9585,2,55,0.58,9571.0,,1,0,96,TRUSTON,False,False,False
498860,2,국내 업종/테마,RISE 코리아금융고배당,9585,5,-100,-1.03,9609.0,,578,5,96,RISE,False,False,False
480460,7,기타,WON 한국부동산TOP3플러스,9575,2,65,0.68,9589.0,-8.2401,6,0,96,WON,False,False,False
337150,2,국내 업종/테마,KODEX 200exTOP,11730,3,0,0.0,11772.0,0.2564,0,0,94,KODEX,False,False,False
410870,2,국내 업종/테마,TIMEFOLIO K컬처액티브,9365,2,150,1.63,9428.0,-4.7546,58,0,94,TIMEFOLIO,False,False,False
475070,4,해외주식,KoAct 글로벌기후테크인프라액티브,15600,5,-195,-1.23,15656.0,30.3325,7,0,94,KoAct,False,False,False
491630,4,해외주식,RISE 미국반도체인버스(합성 H),20695,2,125,0.61,20904.0,,707,14,93,RISE,True,False,False
145850,2,국내 업종/테마,TREX 펀더멘탈 200,37240,3,0,0.0,37207.0,-4.2108,0,0,93,TREX,False,False,False
494340,4,해외주식,ACE 글로벌AI맞춤형반도체,11610,2,5,0.04,11617.0,,3879,46,93,ACE,False,False,False
105780,2,국내 업종/테마,RISE 5대그룹주,5795,5,-20,-0.34,5793.0,-6.8856,3,0,93,RISE,False,False,False
159800,1,국내 시장지수,마이티 코스피100,25575,2,315,1.25,25623.0,-5.198,10,0,92,마이티,False,False,False
404260,2,국내 업종/테마,KODEX 기후변화솔루션,9185,2,15,0.16,9203.0,-14.6183,17,0,92,KODEX,False,False,False
464060,4,해외주식,HANARO 글로벌반도체TOP10 SOLACTIVE,16660,2,105,0.63,16669.0,11.2193,1552,25,92,HANARO,False,False,False
489290,4,해외주식,WON 미국빌리어네어,12960,3,0,0.0,12889.0,30.4479,7836,101,91,WON,False,False,False
450190,4,해외주식,KODEX 한중반도체(합성),15055,3,0,0.0,15028.0,32.7601,0,0,90,KODEX,False,False,False
390400,4,해외주식,KODEX 미국스마트모빌리티S&P,5985,5,-5,-0.08,5985.0,18.0295,60,0,90,KODEX,False,False,False
368680,2,국내 업종/테마,KODEX K-뉴딜디지털플러스,7480,3,0,0.0,7546.0,-4.2867,0,0,90,KODEX,False,False,False
91220,2,국내 업종/테마,TIGER 은행,8915,3,0,0.0,8916.0,5.7407,14,0,89,TIGER,False,False,False
400580,4,해외주식,SOL 유럽탄소배출권선물S&P(H),9905,5,-375,-3.65,9934.0,3.8383,1862,18,89,SOL,False,False,True
489860,4,해외주식,KOSEF 글로벌전력GRID인프라,11120,5,-70,-0.63,11111.0,14.1254,521,5,89,KOSEF,False,False,False
289040,2,국내 업종/테마,KODEX MSCI KOREA ESG유니버설,9875,3,0,0.0,9926.0,-3.1863,0,0,89,KODEX,False,False,False
225050,4,해외주식,TIGER 유로스탁스레버리지(합성 H),11105,5,-70,-0.63,11333.0,3.8086,6,0,89,TIGER,False,True,False
477490,4,해외주식,에셋플러스 글로벌일등기업포커스10액티브,14745,5,-65,-0.44,14713.0,30.6572,2,0,88,에셋플러스,False,False,False
375270,7,기타,RISE 글로벌데이터센터리츠(합성),12620,2,20,0.16,12605.0,3.1096,19,0,88,RISE,False,False,False
225060,4,해외주식,TIGER 이머징마켓MSCI레버리지(합성 H),8025,5,-125,-1.53,8122.0,5.5699,52,0,88,TIGER,False,True,False
464600,2,국내 업종/테마,SOL 자동차소부장Fn,8800,2,50,0.57,8829.0,-4.6322,3,0,88,SOL,False,False,False
494210,4,해외주식,SOL 미국500타겟커버드콜액티브,10845,5,-40,-0.37,10835.0,,75097,814,87,SOL,False,False,False
415760,4,해외주식,SOL 차이나육성산업액티브(합성),7875,3,0,0.0,8030.0,58.6102,0,0,87,SOL,False,False,False
494180,4,해외주식,TIMEFOLIO 글로벌소비트렌드액티브,11540,5,-70,-0.6,11552.0,,351,4,87,TIMEFOLIO,False,False,False
174350,2,국내 업종/테마,TIGER 로우볼,13100,2,20,0.15,13085.0,1.5922,1,0,86,TIGER,False,False,False
424460,4,해외주식,HANARO 글로벌워터MSCI(합성),14230,5,-135,-0.94,14213.0,10.5,1,0,85,HANARO,False,False,False
139320,5,원자재,TIGER 금은선물(H),12110,5,-260,-2.1,12177.0,7.425,652,7,85,TIGER,False,False,True
497520,4,해외주식,ACE 일라이릴리밸류체인,10515,5,-50,-0.47,10581.0,,52187,548,84,ACE,False,False,False
497510,4,해외주식,ACE 글로벌빅파마,10395,5,-75,-0.72,10479.0,,51326,534,83,ACE,False,False,False
488290,4,해외주식,마이다스 일본테크액티브,22175,5,-140,-0.63,22175.0,8.3252,10,0,83,마이다스,False,False,False
122090,1,국내 시장지수,PLUS 코스피50,22990,2,155,0.68,22966.0,-3.7148,396,9,83,PLUS,False,False,False
395760,2,국내 업종/테마,PLUS ESG성장주액티브,7855,2,20,0.26,7895.0,-5.0304,9,0,82,PLUS,False,False,False
429740,7,기타,PLUS K리츠,6595,2,30,0.46,6595.0,-10.6925,60,0,82,PLUS,False,False,False
468370,6,채권,KODEX iShares미국인플레이션국채액티브,11140,5,-15,-0.13,11131.0,5.6344,574,6,82,KODEX,False,False,False
215620,2,국내 업종/테마,HK S&P코리아로우볼,13040,3,0,0.0,13090.0,0.5784,0,0,82,HK,False,False,False
117690,4,해외주식,TIGER 차이나항셍25,18240,5,-85,-0.46,18245.0,32.2627,31,0,82,TIGER,False,False,False
491700,1,국내 시장지수,HK 200,32795,3,0,0.0,33012.0,-4.2762,0,0,82,HK,False,False,False
225030,4,해외주식,TIGER 미국S&P500선물인버스(H),2860,2,10,0.35,2857.0,-7.6176,9268,26,82,TIGER,True,False,True
139660,7,기타,KOSEF 미국달러선물인버스,8300,2,65,0.79,8240.0,-6.7384,20,0,81,KOSEF,True,False,False
446690,4,해외주식,KODEX 아시아AI반도체exChina액티브,16155,3,0,0.0,16179.0,3.2796,0,0,81,KODEX,False,False,False
442090,2,국내 업종/테마,에셋플러스 코리아대장장이액티브,10085,2,15,0.15,10104.0,-3.5441,1,0,81,에셋플러스,False,False,False
472720,1,국내 시장지수,TRUSTON 주주가치액티브,11125,3,0,0.0,11180.0,-0.6697,0,0,80,TRUSTON,False,False,False
445910,2,국내 업종/테마,TIGER MKF배당귀족,12300,2,35,0.29,12398.0,-3.2348,27,0,80,TIGER,False,False,False
192720,2,국내 업종/테마,파워 고배당저변동성,33305,2,55,0.17,33278.0,5.0586,55,1,80,파워,False,False,False
452440,2,국내 업종/테마,VITA 밸류알파액티브,11415,2,105,0.93,11438.0,-2.2895,20000,228,80,VITA,False,False,False
285690,2,국내 업종/테마,FOCUS ESG리더스,10650,3,0,0.0,10674.0,-1.4346,0,0,80,FOCUS,False,False,False
488480,4,해외주식,RISE 일본섹터TOP4Plus,10575,5,-130,-1.21,10551.0,13.7619,44,0,79,RISE,False,False,False
217770,5,원자재,TIGER 원유선물인버스(H),2830,2,10,0.35,2827.0,-7.0841,367,1,79,TIGER,True,False,True
498050,2,국내 업종/테마,HANARO 바이오코리아액티브,9900,2,20,0.2,9951.0,,11101,109,79,HANARO,False,False,False
471780,2,국내 업종/테마,TIGER 코리아테크액티브,8060,2,20,0.25,8082.0,-12.275,50,0,79,TIGER,False,False,False
451150,4,해외주식,에셋플러스 글로벌영에이지액티브,15735,5,-40,-0.25,15707.0,30.6418,102,1,79,에셋플러스,False,False,False
292500,1,국내 시장지수,SOL KRX300,15710,3,0,0.0,15759.0,-3.8262,0,0,79,SOL,False,False,False
229720,1,국내 시장지수,KODEX KTOP30,15685,3,0,0.0,15792.0,-6.2463,0,0,78,KODEX,False,False,False
100910,1,국내 시장지수,KOSEF KRX100,5210,2,25,0.48,5216.0,-3.8212,18,0,78,KOSEF,False,False,False
491820,2,국내 업종/테마,HANARO 전력설비투자,11165,5,-25,-0.22,11256.0,,106,1,78,HANARO,False,False,False
371150,4,해외주식,RISE 차이나항셍테크,7090,5,-80,-1.12,7184.0,40.8644,1,0,78,RISE,False,False,False
152500,3,국내파생,ACE 레버리지,5990,5,-35,-0.58,6006.0,-8.7813,225,1,78,ACE,False,True,False
364690,1,국내 시장지수,KODEX 혁신기술테마액티브,12960,3,0,0.0,13005.0,-1.3699,0,0,78,KODEX,False,False,False
385710,2,국내 업종/테마,TIMEFOLIO K이노베이션액티브,7760,2,65,0.84,7817.0,0.5225,2,0,78,TIMEFOLIO,False,False,False
292160,1,국내 시장지수,TIGER KRX300,15455,3,0,0.0,15619.0,-4.4868,0,0,77,TIGER,False,False,False
467540,1,국내 시장지수,KOSEF 코스닥글로벌,11030,2,65,0.59,11111.0,-2.9131,2,0,77,KOSEF,False,False,False
474800,4,해외주식,KOSEF 미국원유에너지기업,11845,5,-60,-0.5,11887.0,16.2711,73,0,77,KOSEF,False,False,False
183710,7,기타,RISE 주식혼합,38290,5,-20,-0.05,38320.0,-1.9779,1,0,77,RISE,False,False,False
267490,6,채권,RISE 미국장기국채선물레버리지(합성 H),5890,5,-80,-1.34,5894.0,-13.2898,489,2,77,RISE,False,True,False
473640,4,해외주식,HANARO 글로벌금채굴기업,13920,5,-205,-1.45,14097.0,9.4113,569,7,77,HANARO,False,False,False
226980,1,국내 시장지수,KODEX 200 중소형,12745,3,0,0.0,12789.0,0.1178,101,1,76,KODEX,False,False,False
225130,4,해외주식,ACE 골드선물 레버리지(합성 H),25320,5,-810,-3.1,25335.0,13.1168,1878,47,76,ACE,False,True,False
237440,7,기타,TIGER 경기방어채권혼합,9470,2,30,0.32,9448.0,0.4255,150,1,76,TIGER,False,False,False
379790,4,해외주식,RISE 유로스탁스50(H),13685,5,-45,-0.33,13770.0,3.6226,13,0,75,RISE,False,False,True
253160,3,국내파생,PLUS 200선물인버스2X,5005,5,-10,-0.2,5004.0,8.0818,67,0,75,PLUS,True,False,False
462340,4,해외주식,에셋플러스 글로벌다이나믹시니어액티브,14410,5,-5,-0.03,14388.0,18.4956,2,0,75,에셋플러스,False,False,False
360150,2,국내 업종/테마,KODEX 코스닥150롱코스피200숏선물,9350,5,-10,-0.11,9379.0,-1.3699,50,0,75,KODEX,False,False,False
483020,2,국내 업종/테마,KOSEF 의료AI,9970,2,215,2.2,9994.0,3.0639,8328,82,75,KOSEF,False,False,False
449680,7,기타,TIGER 한중전기차(합성),8690,3,0,0.0,8692.0,15.5585,0,0,74,TIGER,False,False,False
429010,4,해외주식,TIGER 미국나스닥넥스트100,14735,3,0,0.0,14695.0,20.4824,0,0,74,TIGER,False,False,False
438740,2,국내 업종/테마,마이다스 중소형액티브,19610,2,90,0.46,19654.0,-0.964,10,0,74,마이다스,False,False,False
205720,4,해외주식,ACE 일본TOPIX인버스(합성 H),2450,2,20,0.82,2461.0,-7.9546,6737,16,74,ACE,True,False,False
441330,4,해외주식,KOSEF 차이나A50커넥트MSCI,9785,3,0,0.0,9934.0,25.0479,0,0,73,KOSEF,False,False,False
432600,6,채권,RISE 국채선물3년,54730,5,-225,-0.41,54840.0,1.1783,1,0,73,RISE,False,False,False
435550,7,기타,히어로즈 TDF2050액티브,14645,3,0,0.0,14583.0,11.5384,0,0,73,히어로즈,False,False,False
411540,1,국내 시장지수,SOL 200 Top10,8130,3,0,0.0,8119.0,-3.6159,0,0,73,SOL,False,False,False
375760,2,국내 업종/테마,HANARO 탄소효율그린뉴딜,8110,3,0,0.0,8096.0,-3.9669,0,0,73,HANARO,False,False,False
464610,2,국내 업종/테마,SOL 의료기기소부장Fn,9100,2,50,0.55,9127.0,-5.3843,280,2,73,SOL,False,False,False
488200,2,국내 업종/테마,KOSEF K-2차전지북미공급망,8020,5,-155,-1.9,8072.0,-17.7979,38,0,72,KOSEF,False,False,False
227570,2,국내 업종/테마,TIGER 우량가치,11445,3,0,0.0,11503.0,-3.2136,0,0,72,TIGER,False,False,False
435540,7,기타,히어로즈 TDF2040액티브,14420,5,-20,-0.14,14407.0,11.2052,20,0,72,히어로즈,False,False,False
337120,2,국내 업종/테마,KODEX 멀티팩터,11960,3,0,0.0,11951.0,-2.5265,0,0,72,KODEX,False,False,False
495750,1,국내 시장지수,HANARO 코리아밸류업,9490,3,0,0.0,9496.0,,0,0,71,HANARO,False,False,False
433880,7,기타,PLUS TDF2060액티브,15065,5,-70,-0.46,15040.0,13.4557,238,3,71,PLUS,False,False,False
475310,2,국내 업종/테마,SOL 반도체후공정,8270,2,20,0.24,8279.0,-17.5,1280,10,70,SOL,False,False,False
416090,4,해외주식,ACE 중국과창판STAR50,7805,5,-45,-0.57,7832.0,60.3677,210,1,70,ACE,False,False,False
289670,6,채권,PLUS 국채선물10년,56400,5,-15,-0.03,56346.0,1.9333,18,1,70,PLUS,False,False,False
399580,4,해외주식,RISE 글로벌클린에너지,6350,2,60,0.95,6366.0,-9.4965,16,0,70,RISE,False,False,False
373490,2,국내 업종/테마,KODEX K-이노베이션액티브,11585,3,0,0.0,11664.0,-4.4142,17,0,70,KODEX,False,False,False
253230,3,국내파생,KOSEF 200선물인버스2X,2460,5,-5,-0.2,2462.0,8.5903,1310,3,69,KOSEF,True,False,False
304670,6,채권,KODEX 미국30년국채울트라선물인버스(H),11440,3,0,0.0,11542.0,9.2124,0,0,69,KODEX,True,False,True
460280,2,국내 업종/테마,KOSEF Fn유전자혁신기술,9140,5,-75,-0.81,9192.0,-2.5899,173,1,69,KOSEF,False,False,False
253150,3,국내파생,PLUS 200선물레버리지,27400,3,0,0.0,27259.0,-8.955,0,0,69,PLUS,False,True,False
269530,4,해외주식,PLUS S&P글로벌인프라,17110,5,-15,-0.09,17121.0,9.7053,993,16,68,PLUS,False,False,False
476310,4,해외주식,RISE 글로벌비만산업TOP2+,10415,5,-130,-1.23,10422.0,-4.0492,32,0,68,RISE,False,False,False
298340,6,채권,PLUS 국채선물3년,56360,3,0,0.0,56361.0,1.1758,0,0,68,PLUS,False,False,False
435530,7,기타,히어로즈 TDF2030액티브,13515,3,0,0.0,13463.0,8.9919,3,0,68,히어로즈,False,False,False
411860,4,해외주식,KOSEF 독일DAX,13505,3,0,0.0,13479.0,13.0598,0,0,68,KOSEF,False,False,False
253280,2,국내 업종/테마,RISE 헬스케어,13485,5,-5,-0.04,13616.0,-8.075,45,0,67,RISE,False,False,False
108590,1,국내 시장지수,TREX 200,33525,3,0,0.0,33426.0,-3.4891,0,0,67,TREX,False,False,False
253250,3,국내파생,KOSEF 200선물레버리지,13390,3,0,0.0,13374.0,-9.6492,112,1,67,KOSEF,False,True,False
448100,1,국내 시장지수,WON 200,33440,2,20,0.06,33508.0,-3.9821,1,0,67,WON,False,False,False
413930,2,국내 업종/테마,WON AI ESG액티브,8885,3,0,0.0,8907.0,-2.5234,0,0,67,WON,False,False,False
234310,2,국내 업종/테마,RISE V&S셀렉트밸류,13290,5,-80,-0.6,13318.0,-2.8696,1,0,66,RISE,False,False,False
219900,4,해외주식,ACE 중국본토CSI300레버리지(합성),3320,5,-65,-1.92,3447.0,67.1604,10103,33,66,ACE,False,True,False
442560,7,기타,RISE TDF2040액티브,13130,5,-110,-0.83,13174.0,9.9667,1,0,66,RISE,False,False,False
404120,2,국내 업종/테마,TIMEFOLIO K신재생에너지액티브,10940,2,10,0.09,10945.0,-10.7391,11,0,66,TIMEFOLIO,False,False,False
270800,2,국내 업종/테마,RISE KQ고배당,10870,3,0,0.0,10950.0,4.771,0,0,65,RISE,False,False,False
251590,2,국내 업종/테마,PLUS 고배당저변동50,12985,3,0,0.0,12990.0,3.359,11,0,65,PLUS,False,False,False
138920,5,원자재,KODEX 콩선물(H),10795,2,60,0.56,10744.0,-2.4978,2,0,65,KODEX,False,False,True
153270,1,국내 시장지수,KOSEF 코스피100,24820,5,-60,-0.24,24848.0,-3.4349,2,0,65,KOSEF,False,False,False
295000,6,채권,RISE 국채선물10년,55370,5,-415,-0.74,55499.0,2.1329,19,1,64,RISE,False,False,False
487130,2,국내 업종/테마,KoAct AI인프라액티브,7550,3,0,0.0,7590.0,-1.1781,9,0,64,KoAct,False,False,False
494220,2,국내 업종/테마,UNICORN SK하이닉스밸류체인액티브,8530,5,-35,-0.41,8526.0,,1358,11,64,UNICORN,False,False,False
305050,1,국내 시장지수,ACE 코스피,25550,5,-230,-0.89,25658.0,-3.5361,138,3,64,ACE,False,False,False
442550,7,기타,RISE TDF2030액티브,12770,5,-40,-0.31,12748.0,7.9646,50,0,64,RISE,False,False,False
227830,1,국내 시장지수,PLUS 코스피,25535,2,65,0.26,25631.0,-3.6797,3,0,64,PLUS,False,False,False
292050,1,국내 시장지수,RISE KRX300,15950,5,-30,-0.19,15942.0,-3.7698,13,0,64,RISE,False,False,False
176950,6,채권,KODEX 국채선물10년인버스,53065,2,45,0.08,53080.0,-0.6186,2,0,64,KODEX,True,False,False
291890,4,해외주식,KODEX MSCI EM선물(H),8490,5,-50,-0.59,8415.0,4.4009,8002,67,64,KODEX,False,False,True
489010,4,해외주식,PLUS 글로벌AI인프라,12685,3,0,0.0,12665.0,21.8539,0,0,63,PLUS,False,False,False
316300,7,기타,ACE 싱가포르리츠,12655,5,-30,-0.24,12663.0,-5.7649,42,0,63,ACE,False,False,False
371870,4,해외주식,ACE 차이나항셍테크,7025,5,-95,-1.33,7133.0,40.99,48,0,63,ACE,False,False,False
437370,4,해외주식,RISE 글로벌농업경제,9005,5,-115,-1.26,9110.0,7.3572,4,0,63,RISE,False,False,False
228820,1,국내 시장지수,TIGER KTOP30,7875,5,-40,-0.51,7904.0,-5.2096,110,0,63,TIGER,False,False,False
449580,7,기타,RISE 미국빅데이터Top3채권혼합,15700,5,-85,-0.54,15592.0,18.3283,151,2,63,RISE,False,False,False
401590,4,해외주식,HANARO 글로벌탄소배출권선물ICE(합성),9630,3,0,0.0,9467.0,-0.2073,0,0,63,HANARO,False,False,False
488210,2,국내 업종/테마,KOSEF K-반도체북미공급망,7360,2,10,0.14,7409.0,-4.2969,124,0,63,KOSEF,False,False,False
459370,4,해외주식,SOL 유럽탄소배출권선물인버스ICE(H),12490,2,435,3.61,12488.0,-5.0414,354,4,62,SOL,True,False,True
450180,7,기타,KODEX 한중전기차(합성),8900,3,0,0.0,8914.0,15.7347,0,0,62,KODEX,False,False,False
346000,6,채권,HANARO KAP초장기국고채,42000,3,0,0.0,41986.0,4.712,1,0,62,HANARO,False,False,False
279540,2,국내 업종/테마,KODEX 최소변동성,10295,3,0,0.0,10341.0,-3.3334,0,0,62,KODEX,False,False,False
429980,7,기타,SOL 한국형글로벌전기차&2차전지액티브,12350,2,60,0.49,12285.0,19.2624,138,1,62,SOL,False,False,False
457930,2,국내 업종/테마,BNK 미래전략기술액티브,10165,2,10,0.1,10177.0,-0.3924,1,0,61,BNK,False,False,False
322410,2,국내 업종/테마,HANARO 고배당,13510,5,-30,-0.22,13511.0,3.9619,21,0,61,HANARO,False,False,False
455660,6,채권,ACE 미국하이일드액티브(H),10130,5,-55,-0.54,10118.0,2.4957,419,4,61,ACE,False,False,True
189400,4,해외주식,PLUS 글로벌MSCI(합성 H),20230,5,-90,-0.44,20256.0,6.5547,5,0,61,PLUS,False,False,False
166400,3,국내파생,TIGER 200커버드콜OTM,12120,5,-20,-0.16,12137.0,-1.8673,2,0,61,TIGER,False,False,False
442580,4,해외주식,PLUS 글로벌HBM반도체,17210,2,500,2.99,16511.0,1.4571,1,0,60,PLUS,False,False,False
481200,4,해외주식,SOL 미국테크TOP10인버스(합성),7430,5,-5,-0.07,7457.0,-20.6511,1419,10,59,SOL,True,False,False
419170,4,해외주식,HANARO 미국메타버스iSelect,16980,3,0,0.0,16757.0,25.0828,0,0,59,HANARO,False,False,False
428510,4,해외주식,KODEX 차이나메타버스액티브,11885,3,0,0.0,12037.0,24.646,0,0,59,KODEX,False,False,False
469530,3,국내파생,RISE 미국달러선물인버스,9130,5,-25,-0.27,9154.0,-6.534,6,0,59,RISE,True,False,False
289250,2,국내 업종/테마,TIGER MSCI KOREA ESG유니버설,9880,3,0,0.0,9910.0,-3.2417,0,0,59,TIGER,False,False,False
395750,2,국내 업종/테마,PLUS ESG가치주액티브,7745,2,5,0.06,7764.0,-5.1471,9,0,58,PLUS,False,False,False
244620,2,국내 업종/테마,KODEX 모멘텀Plus,11590,3,0,0.0,11604.0,-5.6574,0,0,58,KODEX,False,False,False
140580,2,국내 업종/테마,RISE 우량업종대표주,11450,5,-5,-0.04,11429.0,-0.8655,1,0,57,RISE,False,False,False
284980,2,국내 업종/테마,RISE 200금융,11445,5,-40,-0.35,11436.0,5.1162,227,2,57,RISE,False,False,False
456200,6,채권,PLUS 미국달러SOFR금리액티브(합성),58045,3,0,0.0,58103.0,7.9906,0,0,57,PLUS,False,False,False
280920,2,국내 업종/테마,PLUS 주도업종,10325,2,20,0.19,10369.0,-2.8747,7,0,57,PLUS,False,False,False
397410,6,채권,RISE 국채선물5년추종인버스,55510,5,-165,-0.3,55621.0,-0.018,1,0,57,RISE,True,False,False
261920,4,해외주식,ACE 필리핀MSCI(합성),14125,5,-40,-0.28,14100.0,-2.713,4,0,57,ACE,False,False,False
105010,4,해외주식,TIGER 라틴35,4310,5,-75,-1.71,4301.0,4.2558,38,0,56,TIGER,False,False,False
373530,4,해외주식,PLUS 신흥국MSCI인버스(합성 H),10720,3,0,0.0,10791.0,-3.2491,0,0,56,PLUS,True,False,False
437550,7,기타,히어로즈 글로벌리츠이지스액티브,10995,3,0,0.0,11038.0,0.5486,0,0,55,히어로즈,False,False,False
404650,2,국내 업종/테마,SOL KRX기후변화솔루션,9155,5,-40,-0.44,9191.0,-14.4174,13,0,55,SOL,False,False,False
281990,2,국내 업종/테마,RISE 중소형고배당,10985,2,55,0.5,10987.0,2.4847,6,0,55,RISE,False,False,False
261140,2,국내 업종/테마,TIGER 우선주,10915,3,0,0.0,10923.0,-7.5314,24,0,55,TIGER,False,False,False
267450,6,채권,RISE 미국장기국채선물인버스(H),10825,3,0,0.0,10878.0,8.9034,0,0,54,RISE,True,False,True
252410,3,국내파생,RISE 200선물인버스,5970,3,0,0.0,5986.0,4.3706,0,0,54,RISE,True,False,False
227560,2,국내 업종/테마,TIGER 200 생활소비재,8480,2,5,0.06,8486.0,-1.4535,78,0,53,TIGER,False,False,False
397420,6,채권,RISE 국채선물5년추종,51520,5,-185,-0.36,51616.0,1.3922,1,0,53,RISE,False,False,False
315270,2,국내 업종/테마,TIGER 200커뮤니케이션서비스,18690,2,330,1.8,18904.0,10.2768,606,11,52,TIGER,False,False,False
461580,1,국내 시장지수,TIGER 코스닥글로벌,10465,3,0,0.0,10765.0,-3.5929,0,0,52,TIGER,False,False,False
226380,2,국내 업종/테마,ACE Fn성장소비주도주,5705,2,45,0.8,5739.0,2.909,15,0,51,ACE,False,False,False
307510,2,국내 업종/테마,TIGER 의료기기,14655,2,225,1.56,14749.0,1.2276,32,0,51,TIGER,False,False,False
380340,2,국내 업종/테마,ACE Fn5G플러스,8545,2,40,0.47,8566.0,-4.8658,10,0,51,ACE,False,False,False
473500,4,해외주식,KOSEF 글로벌전력반도체,8505,5,-85,-0.99,8548.0,14.7935,26,0,51,KOSEF,False,False,False
131890,2,국내 업종/테마,ACE 삼성그룹동일가중,16970,2,10,0.06,16983.0,-5.8563,10,0,51,ACE,False,False,False
485810,4,해외주식,TIMEFOLIO 글로벌안티에이징바이오액티브,9170,5,-35,-0.38,9208.0,-7.7656,121,1,50,TIMEFOLIO,False,False,False
256450,4,해외주식,PLUS 심천차이넥스트(합성),9970,3,0,0.0,10105.0,52.7969,0,0,50,PLUS,False,False,False
291680,4,해외주식,RISE 차이나H선물인버스(H),9945,2,85,0.86,9887.0,-20.3876,1520,15,50,RISE,True,False,True
277640,2,국내 업종/테마,TIGER 코스피대형주,12385,5,-30,-0.24,12400.0,-3.4979,416,5,50,TIGER,False,False,False
454180,4,해외주식,KOSEF 차이나내수소비TOP CSI,8960,5,-70,-0.78,8987.0,33.6391,41,0,49,KOSEF,False,False,False
457990,2,국내 업종/테마,PLUS 태양광&ESS,8910,5,-70,-0.78,8998.0,-5.6723,9,0,49,PLUS,False,False,False
321410,7,기타,KODEX 멀티에셋하이인컴(H),9790,3,0,0.0,9764.0,-2.1,0,0,49,KODEX,False,False,True
450120,2,국내 업종/테마,KOSEF SK그룹대표주,12205,5,-35,-0.29,12253.0,1.1068,14,0,49,KOSEF,False,False,False
373790,4,해외주식,KOSEF 미국방어배당성장나스닥,15245,3,0,0.0,15292.0,3.0346,2,0,49,KOSEF,False,False,False
402460,2,국내 업종/테마,HANARO Fn K-메타버스MZ,6900,3,0,0.0,6976.0,-0.2891,0,0,48,HANARO,False,False,False
426410,4,해외주식,PLUS 미국대체투자Top10,23560,5,-240,-1.01,23529.0,40.3632,336,7,47,PLUS,False,False,False
301400,1,국내 시장지수,PLUS 코스닥150,11620,2,35,0.3,11690.0,-6.3839,12,0,46,PLUS,False,False,False
404540,2,국내 업종/테마,TIGER KRX기후변화솔루션,9250,3,0,0.0,9269.0,-14.4707,0,0,46,TIGER,False,False,False
291620,3,국내파생,KOSEF 코스닥150선물인버스,7290,5,-5,-0.07,7292.0,4.5128,3437,25,46,KOSEF,True,False,False
413220,4,해외주식,SOL 차이나태양광CSI(합성),4580,3,0,0.0,4674.0,29.5615,0,0,46,SOL,False,False,False
473380,2,국내 업종/테마,HANARO K-메디테크,8980,3,0,0.0,9063.0,8.1927,0,0,45,HANARO,False,False,False
390950,6,채권,HANARO 단기채권액티브,108695,3,0,0.0,108703.0,0.7694,0,0,45,HANARO,False,False,False
466810,2,국내 업종/테마,BNK 2차전지양극재,5570,5,-50,-0.89,5564.0,-14.0016,4,0,45,BNK,False,False,False
238670,7,기타,PLUS 스마트베타Quality채권혼합,10890,2,10,0.09,10892.0,0.9276,190,2,44,PLUS,False,False,False
139290,2,국내 업종/테마,TIGER 200 경기소비재,15470,3,0,0.0,15438.0,0.3567,64,0,43,TIGER,False,False,False
307520,2,국내 업종/테마,TIGER 지주회사,9625,5,-65,-0.67,9641.0,-3.1097,414,3,43,TIGER,False,False,False
306520,3,국내파생,HANARO 200선물인버스,10780,5,-20,-0.19,10799.0,4.7018,100453,1086,43,HANARO,True,False,False
407160,2,국내 업종/테마,KCGI 테크미디어텔레콤액티브,7805,3,0,0.0,7922.0,-5.4513,0,0,43,KCGI,False,False,False
486780,3,국내파생,HANARO 200선물레버리지1.5X,11145,3,0,0.0,11179.0,-6.4625,0,0,42,HANARO,False,True,False
334690,5,원자재,RISE 팔라듐선물(H),4980,5,-160,-3.11,4994.0,-2.002,1908,9,42,RISE,False,False,True
157500,2,국내 업종/테마,TIGER 증권,5715,5,-195,-3.3,5711.0,8.2417,468,2,42,TIGER,False,False,False
252650,1,국내 시장지수,KODEX 200동일가중,10550,3,0,0.0,10653.0,-2.0428,0,0,42,KODEX,False,False,False
381570,2,국내 업종/테마,HANARO Fn친환경에너지,6440,5,-80,-1.23,6435.0,-14.0975,463,3,42,HANARO,False,False,False
407170,2,국내 업종/테마,KCGI 스마트커머스액티브,8250,3,0,0.0,8295.0,1.041,0,0,41,KCGI,False,False,False
367740,2,국내 업종/테마,HANARO Fn5G산업,11765,3,0,0.0,12013.0,-8.0788,0,0,41,HANARO,False,False,False
139240,2,국내 업종/테마,TIGER 200 철강소재,9355,5,-25,-0.27,9468.0,29.4864,712,6,41,TIGER,False,False,False
314700,2,국내 업종/테마,HANARO 농업융복합산업,9135,3,0,0.0,9158.0,-5.091,0,0,41,HANARO,False,False,False
244660,2,국내 업종/테마,KODEX 퀄리티Plus,8200,3,0,0.0,8277.0,-1.6197,0,0,41,KODEX,False,False,False
448510,4,해외주식,HANARO 글로벌신재생에너지MSCI(합성),7325,5,-75,-1.01,7316.0,3.3519,13,0,40,HANARO,False,False,False
266390,2,국내 업종/테마,KODEX 경기소비재,8010,2,55,0.69,8020.0,-5.2413,4,0,40,KODEX,False,False,False
244670,2,국내 업종/테마,KODEX 밸류Plus,7875,3,0,0.0,7925.0,-1.7468,0,0,39,KODEX,False,False,False
252000,1,국내 시장지수,TIGER 200동일가중,11150,3,0,0.0,11142.0,-1.2838,0,0,39,TIGER,False,False,False
220130,4,해외주식,SOL 차이나강소기업CSI500(합성 H),4825,3,0,0.0,4873.0,33.2872,84,0,39,SOL,False,False,False
438210,4,해외주식,PLUS 글로벌AI,15430,5,-95,-0.61,15418.0,36.7841,2168,33,39,PLUS,False,False,False
429870,7,기타,히어로즈 리츠이지스액티브,6970,3,0,0.0,7075.0,-10.7783,6,0,38,히어로즈,False,False,False
486790,3,국내파생,HANARO 코스닥150선물레버리지1.5X,10575,3,0,0.0,10661.0,-10.3434,0,0,38,HANARO,False,True,False
433250,1,국내 시장지수,UNICORN R&D 액티브,10835,2,35,0.32,10831.0,-5.2216,1,0,38,UNICORN,False,False,False
253240,3,국내파생,KOSEF 200선물인버스,6040,3,0,0.0,6044.0,4.5887,139,0,36,KOSEF,True,False,False
487750,2,국내 업종/테마,BNK 온디바이스AI,6590,5,-25,-0.38,6653.0,-11.3865,5,0,36,BNK,False,False,False
472490,4,해외주식,HANARO 미국애그테크,11915,3,0,0.0,11834.0,16.4939,0,0,36,HANARO,False,False,False
147970,2,국내 업종/테마,TIGER 모멘텀,29575,3,0,0.0,29612.0,2.9913,0,0,35,TIGER,False,False,False
371130,4,해외주식,ACE 베트남VN30선물블룸버그레버리지(H),11670,2,130,1.13,11421.0,-0.3455,4,0,35,ACE,False,True,True
277650,2,국내 업종/테마,TIGER 코스피중형주,13695,3,0,0.0,13772.0,-3.4544,0,0,34,TIGER,False,False,False
139310,5,원자재,TIGER 금속선물(H),5695,3,0,0.0,5724.0,2.5202,18,0,34,TIGER,False,False,True
411720,4,해외주식,RISE 글로벌메타버스,16855,5,-25,-0.15,16846.0,26.4419,1,0,34,RISE,False,False,False
140570,2,국내 업종/테마,RISE 수출주,11160,5,-110,-0.98,11186.0,0.9856,1,0,33,RISE,False,False,False
476000,2,국내 업종/테마,UNICORN 포스트IPO액티브,5945,2,50,0.85,5944.0,-18.4648,1,0,33,UNICORN,False,False,False
469790,2,국내 업종/테마,KOSEF K-테크TOP10,10510,2,50,0.48,10524.0,0.2491,2,0,32,KOSEF,False,False,False
426330,4,해외주식,KOSEF 미국ETF산업STOXX,15605,3,0,0.0,15581.0,19.7161,10,0,31,KOSEF,False,False,False
304760,1,국내 시장지수,HANARO KRX300,15325,3,0,0.0,15288.0,-2.2703,0,0,31,HANARO,False,False,False
280940,5,원자재,KODEX 골드선물인버스(H),5465,2,55,1.02,5488.0,-6.4014,155,0,30,KODEX,True,False,True
266550,2,국내 업종/테마,PLUS 중형주저변동50,11860,2,75,0.64,11874.0,-4.4976,7,0,30,PLUS,False,False,False
334700,5,원자재,RISE 팔라듐선물인버스(H),5870,2,140,2.44,5912.0,-1.8836,462,2,29,RISE,True,False,True
391670,1,국내 시장지수,HK 베스트일레븐액티브,8365,3,0,0.0,8377.0,-9.2241,0,0,29,HK,False,False,False
145670,3,국내파생,ACE 인버스,5835,3,0,0.0,5812.0,5.1351,6,0,29,ACE,True,False,False
427120,2,국내 업종/테마,RISE 플랫폼테마,6935,2,85,1.24,6992.0,26.2672,420,2,29,RISE,False,False,False
433860,7,기타,PLUS TDF2040액티브,13035,3,0,0.0,12996.0,7.9503,0,0,27,PLUS,False,False,False
261060,2,국내 업종/테마,TIGER 코스닥150IT,11145,5,-55,-0.49,11194.0,-7.3232,10,0,27,TIGER,False,False,False
291630,3,국내파생,KOSEF 코스닥150선물레버리지,3450,2,10,0.29,3457.0,-13.8924,3502,12,27,KOSEF,False,True,False
98560,2,국내 업종/테마,TIGER 방송통신,6915,2,25,0.36,6917.0,2.423,256,1,26,TIGER,False,False,False
243890,2,국내 업종/테마,TIGER 200에너지화학레버리지,3450,2,100,2.99,3472.0,-29.1755,1448,4,26,TIGER,False,True,False
433870,7,기타,PLUS TDF2050액티브,14325,3,0,0.0,14254.0,11.8266,10,0,26,PLUS,False,False,False
465620,4,해외주식,ACE 미국빅테크TOP7 Plus인버스(합성),10195,2,150,1.49,10093.0,-22.5819,6,0,25,ACE,True,False,False
433850,7,기타,PLUS TDF2030액티브,12550,5,-25,-0.2,12526.0,5.9839,85,1,25,PLUS,False,False,False
275750,3,국내파생,RISE 코스닥150선물인버스,4115,5,-15,-0.36,4125.0,4.0302,20030,82,25,RISE,True,False,False
476260,2,국내 업종/테마,HANARO 반도체핵심공정주도주,5390,5,-30,-0.55,5407.0,-22.0144,240,1,24,HANARO,False,False,False
415920,5,원자재,PLUS 글로벌희토류&전략자원생산기업,4340,2,5,0.12,4356.0,19.4214,27,0,24,PLUS,False,False,False
469580,6,채권,RISE KP달러채권액티브,57360,3,0,0.0,57248.0,7.1448,0,0,23,RISE,False,False,False
301410,3,국내파생,PLUS 코스닥150선물인버스,6230,3,0,0.0,6248.0,4.7939,4,0,22,PLUS,True,False,False
482030,2,국내 업종/테마,KoAct 테크핵심소재공급망액티브,6035,5,-15,-0.25,6029.0,-14.1235,8,0,21,KoAct,False,False,False
143460,2,국내 업종/테마,ACE 밸류대형,9185,3,0,0.0,9198.0,-4.2232,74,0,18,ACE,False,False,False
470310,2,국내 업종/테마,UNICORN 생성형AI강소기업액티브,7225,2,15,0.21,7238.0,-1.368,1,0,18,UNICORN,False,False,False
432850,4,해외주식,HANARO 글로벌백신치료제MSCI,11175,5,-115,-1.02,11216.0,-6.5398,200,2,17,HANARO,False,False,False
306530,3,국내파생,HANARO 코스닥150선물레버리지,6945,5,-20,-0.29,6960.0,-13.6392,758,5,17,HANARO,False,True,False
412560,2,국내 업종/테마,TIGER BBIG레버리지,2080,2,60,2.97,2066.0,-2.8847,137,0,17,TIGER,False,True,False
407310,1,국내 시장지수,HANARO 200 TOP10,7985,3,0,0.0,7966.0,-3.2708,0,0,16,HANARO,False,False,False
407300,2,국내 업종/테마,HANARO Fn골프테마,5250,3,0,0.0,5319.0,-7.2439,0,0,16,HANARO,False,False,False
227550,2,국내 업종/테마,TIGER 200 산업재,6510,3,0,0.0,6584.0,-2.7633,0,0,16,TIGER,False,False,False
429990,7,기타,SOL 한국형글로벌플랫폼&메타버스액티브,16925,3,0,0.0,16945.0,32.0717,0,0,10,SOL,False,False,False
427110,2,국내 업종/테마,RISE 창업투자회사,6480,5,-15,-0.23,6543.0,8.7029,3,0,9,RISE,False,False,False
